training_diagnostics_schema_version,step,action_bound_clipping_frequency,speed_action_bound_clipping_frequency,turn_rate_action_bound_clipping_frequency,mean_action_bound_clipping_norm,max_action_bound_clipping_norm,method,display_name,train_seed,checkpoint_sha256,training_projection_enabled,run_dir,projection_transition_count,projection_intervention_count,projection_intervention_frequency,mean_projection_correction_norm,max_projection_correction_norm,mean_projection_slack_sum,max_projection_slack,projection_solver_failure_count
training_diagnostics_v1,1024,0.5283203125,0.3134765625,0.314453125,0.29905596375465393,3.1812820434570312,ppo_baseline,PPO baseline,1,ac9747daee76239c878cc1339dfbe72a8ed020eaae9d3f5013a7ce78b8a07836,False,C:\rl_projects\src\repos\rl-constrained-decision-making\runs\ConstrainedNavigation-v0__ppo_baseline_51200_seed1__1__1786675596,,,,,,,,
training_diagnostics_v1,2048,0.53515625,0.3115234375,0.3125,0.3081111013889313,2.9708142280578613,ppo_baseline,PPO baseline,1,ac9747daee76239c878cc1339dfbe72a8ed020eaae9d3f5013a7ce78b8a07836,False,C:\rl_projects\src\repos\rl-constrained-decision-making\runs\ConstrainedNavigation-v0__ppo_baseline_51200_seed1__1__1786675596,,,,,,,,
training_diagnostics_v1,3072,0.5615234375,0.345703125,0.3037109375,0.3304782509803772,2.4023566246032715,ppo_baseline,PPO baseline,1,ac9747daee76239c878cc1339dfbe72a8ed020eaae9d3f5013a7ce78b8a07836,False,C:\rl_projects\src\repos\rl-constrained-decision-making\runs\ConstrainedNavigation-v0__ppo_baseline_51200_seed1__1__1786675596,,,,,,,,
training_diagnostics_v1,4096,0.5439453125,0.3134765625,0.32421875,0.30845773220062256,2.330716133117676,ppo_baseline,PPO baseline,1,ac9747daee76239c878cc1339dfbe72a8ed020eaae9d3f5013a7ce78b8a07836,False,C:\rl_projects\src\repos\rl-constrained-decision-making\runs\ConstrainedNavigation-v0__ppo_baseline_51200_seed1__1__1786675596,,,,,,,,
training_diagnostics_v1,5120,0.533203125,0.2978515625,0.33203125,0.31024402379989624,2.4799389839172363,ppo_baseline,PPO baseline,1,ac9747daee76239c878cc1339dfbe72a8ed020eaae9d3f5013a7ce78b8a07836,False,C:\rl_projects\src\repos\rl-constrained-decision-making\runs\ConstrainedNavigation-v0__ppo_baseline_51200_seed1__1__1786675596,,,,,,,,
training_diagnostics_v1,6144,0.53125,0.31640625,0.322265625,0.32041415572166443,2.9787333011627197,ppo_baseline,PPO baseline,1,ac9747daee76239c878cc1339dfbe72a8ed020eaae9d3f5013a7ce78b8a07836,False,C:\rl_projects\src\repos\rl-constrained-decision-making\runs\ConstrainedNavigation-v0__ppo_baseline_51200_seed1__1__1786675596,,,,,,,,
training_diagnostics_v1,7168,0.5146484375,0.29296875,0.3212890625,0.286583811044693,2.4577932357788086,ppo_baseline,PPO baseline,1,ac9747daee76239c878cc1339dfbe72a8ed020eaae9d3f5013a7ce78b8a07836,False,C:\rl_projects\src\repos\rl-constrained-decision-making\runs\ConstrainedNavigation-v0__ppo_baseline_51200_seed1__1__1786675596,,,,,,,,
training_diagnostics_v1,8192,0.560546875,0.3486328125,0.3349609375,0.31894567608833313,2.624133348464966,ppo_baseline,PPO baseline,1,ac9747daee76239c878cc1339dfbe72a8ed020eaae9d3f5013a7ce78b8a07836,False,C:\rl_projects\src\repos\rl-constrained-decision-making\runs\ConstrainedNavigation-v0__ppo_baseline_51200_seed1__1__1786675596,,,,,,,,
training_diagnostics_v1,9216,0.54296875,0.3173828125,0.3203125,0.3167431652545929,2.931800127029419,ppo_baseline,PPO baseline,1,ac9747daee76239c878cc1339dfbe72a8ed020eaae9d3f5013a7ce78b8a07836,False,C:\rl_projects\src\repos\rl-constrained-decision-making\runs\ConstrainedNavigation-v0__ppo_baseline_51200_seed1__1__1786675596,,,,,,,,
training_diagnostics_v1,10240,0.5439453125,0.322265625,0.3388671875,0.3283158540725708,3.0005290508270264,ppo_baseline,PPO baseline,1,ac9747daee76239c878cc1339dfbe72a8ed020eaae9d3f5013a7ce78b8a07836,False,C:\rl_projects\src\repos\rl-constrained-decision-making\runs\ConstrainedNavigation-v0__ppo_baseline_51200_seed1__1__1786675596,,,,,,,,
training_diagnostics_v1,11264,0.5263671875,0.2822265625,0.333984375,0.32422322034835815,2.530355453491211,ppo_baseline,PPO baseline,1,ac9747daee76239c878cc1339dfbe72a8ed020eaae9d3f5013a7ce78b8a07836,False,C:\rl_projects\src\repos\rl-constrained-decision-making\runs\ConstrainedNavigation-v0__ppo_baseline_51200_seed1__1__1786675596,,,,,,,,
training_diagnostics_v1,12288,0.5390625,0.3271484375,0.3134765625,0.33950281143188477,3.68200421333313,ppo_baseline,PPO baseline,1,ac9747daee76239c878cc1339dfbe72a8ed020eaae9d3f5013a7ce78b8a07836,False,C:\rl_projects\src\repos\rl-constrained-decision-making\runs\ConstrainedNavigation-v0__ppo_baseline_51200_seed1__1__1786675596,,,,,,,,
training_diagnostics_v1,13312,0.5498046875,0.3359375,0.3203125,0.32615748047828674,2.434425115585327,ppo_baseline,PPO baseline,1,ac9747daee76239c878cc1339dfbe72a8ed020eaae9d3f5013a7ce78b8a07836,False,C:\rl_projects\src\repos\rl-constrained-decision-making\runs\ConstrainedNavigation-v0__ppo_baseline_51200_seed1__1__1786675596,,,,,,,,
training_diagnostics_v1,14336,0.5419921875,0.34765625,0.2890625,0.33169665932655334,4.8751091957092285,ppo_baseline,PPO baseline,1,ac9747daee76239c878cc1339dfbe72a8ed020eaae9d3f5013a7ce78b8a07836,False,C:\rl_projects\src\repos\rl-constrained-decision-making\runs\ConstrainedNavigation-v0__ppo_baseline_51200_seed1__1__1786675596,,,,,,,,
training_diagnostics_v1,15360,0.5302734375,0.2958984375,0.330078125,0.331560343503952,2.6988399028778076,ppo_baseline,PPO baseline,1,ac9747daee76239c878cc1339dfbe72a8ed020eaae9d3f5013a7ce78b8a07836,False,C:\rl_projects\src\repos\rl-constrained-decision-making\runs\ConstrainedNavigation-v0__ppo_baseline_51200_seed1__1__1786675596,,,,,,,,
training_diagnostics_v1,16384,0.51953125,0.31640625,0.3037109375,0.3095934987068176,2.4101712703704834,ppo_baseline,PPO baseline,1,ac9747daee76239c878cc1339dfbe72a8ed020eaae9d3f5013a7ce78b8a07836,False,C:\rl_projects\src\repos\rl-constrained-decision-making\runs\ConstrainedNavigation-v0__ppo_baseline_51200_seed1__1__1786675596,,,,,,,,
training_diagnostics_v1,17408,0.5390625,0.314453125,0.337890625,0.31715384125709534,2.392782688140869,ppo_baseline,PPO baseline,1,ac9747daee76239c878cc1339dfbe72a8ed020eaae9d3f5013a7ce78b8a07836,False,C:\rl_projects\src\repos\rl-constrained-decision-making\runs\ConstrainedNavigation-v0__ppo_baseline_51200_seed1__1__1786675596,,,,,,,,
training_diagnostics_v1,18432,0.5380859375,0.3115234375,0.33984375,0.33365532755851746,2.894333839416504,ppo_baseline,PPO baseline,1,ac9747daee76239c878cc1339dfbe72a8ed020eaae9d3f5013a7ce78b8a07836,False,C:\rl_projects\src\repos\rl-constrained-decision-making\runs\ConstrainedNavigation-v0__ppo_baseline_51200_seed1__1__1786675596,,,,,,,,
training_diagnostics_v1,19456,0.54296875,0.3486328125,0.294921875,0.320006400346756,2.329638957977295,ppo_baseline,PPO baseline,1,ac9747daee76239c878cc1339dfbe72a8ed020eaae9d3f5013a7ce78b8a07836,False,C:\rl_projects\src\repos\rl-constrained-decision-making\runs\ConstrainedNavigation-v0__ppo_baseline_51200_seed1__1__1786675596,,,,,,,,
training_diagnostics_v1,20480,0.5458984375,0.32421875,0.345703125,0.3256535828113556,2.555828094482422,ppo_baseline,PPO baseline,1,ac9747daee76239c878cc1339dfbe72a8ed020eaae9d3f5013a7ce78b8a07836,False,C:\rl_projects\src\repos\rl-constrained-decision-making\runs\ConstrainedNavigation-v0__ppo_baseline_51200_seed1__1__1786675596,,,,,,,,
training_diagnostics_v1,21504,0.5498046875,0.3046875,0.3427734375,0.32892680168151855,2.454989433288574,ppo_baseline,PPO baseline,1,ac9747daee76239c878cc1339dfbe72a8ed020eaae9d3f5013a7ce78b8a07836,False,C:\rl_projects\src\repos\rl-constrained-decision-making\runs\ConstrainedNavigation-v0__ppo_baseline_51200_seed1__1__1786675596,,,,,,,,
training_diagnostics_v1,22528,0.5439453125,0.3466796875,0.3095703125,0.3484821319580078,2.9127140045166016,ppo_baseline,PPO baseline,1,ac9747daee76239c878cc1339dfbe72a8ed020eaae9d3f5013a7ce78b8a07836,False,C:\rl_projects\src\repos\rl-constrained-decision-making\runs\ConstrainedNavigation-v0__ppo_baseline_51200_seed1__1__1786675596,,,,,,,,
training_diagnostics_v1,23552,0.533203125,0.30859375,0.3388671875,0.305602490901947,2.308316946029663,ppo_baseline,PPO baseline,1,ac9747daee76239c878cc1339dfbe72a8ed020eaae9d3f5013a7ce78b8a07836,False,C:\rl_projects\src\repos\rl-constrained-decision-making\runs\ConstrainedNavigation-v0__ppo_baseline_51200_seed1__1__1786675596,,,,,,,,
training_diagnostics_v1,24576,0.5390625,0.345703125,0.298828125,0.322909414768219,2.3790392875671387,ppo_baseline,PPO baseline,1,ac9747daee76239c878cc1339dfbe72a8ed020eaae9d3f5013a7ce78b8a07836,False,C:\rl_projects\src\repos\rl-constrained-decision-making\runs\ConstrainedNavigation-v0__ppo_baseline_51200_seed1__1__1786675596,,,,,,,,
training_diagnostics_v1,25600,0.546875,0.349609375,0.3203125,0.33478158712387085,2.680048942565918,ppo_baseline,PPO baseline,1,ac9747daee76239c878cc1339dfbe72a8ed020eaae9d3f5013a7ce78b8a07836,False,C:\rl_projects\src\repos\rl-constrained-decision-making\runs\ConstrainedNavigation-v0__ppo_baseline_51200_seed1__1__1786675596,,,,,,,,
training_diagnostics_v1,26624,0.5517578125,0.3232421875,0.3359375,0.3238503038883209,2.6743409633636475,ppo_baseline,PPO baseline,1,ac9747daee76239c878cc1339dfbe72a8ed020eaae9d3f5013a7ce78b8a07836,False,C:\rl_projects\src\repos\rl-constrained-decision-making\runs\ConstrainedNavigation-v0__ppo_baseline_51200_seed1__1__1786675596,,,,,,,,
training_diagnostics_v1,27648,0.5361328125,0.3134765625,0.3271484375,0.3149111568927765,3.188387870788574,ppo_baseline,PPO baseline,1,ac9747daee76239c878cc1339dfbe72a8ed020eaae9d3f5013a7ce78b8a07836,False,C:\rl_projects\src\repos\rl-constrained-decision-making\runs\ConstrainedNavigation-v0__ppo_baseline_51200_seed1__1__1786675596,,,,,,,,
training_diagnostics_v1,28672,0.5419921875,0.3251953125,0.3291015625,0.3381025493144989,2.958915948867798,ppo_baseline,PPO baseline,1,ac9747daee76239c878cc1339dfbe72a8ed020eaae9d3f5013a7ce78b8a07836,False,C:\rl_projects\src\repos\rl-constrained-decision-making\runs\ConstrainedNavigation-v0__ppo_baseline_51200_seed1__1__1786675596,,,,,,,,
training_diagnostics_v1,29696,0.54296875,0.333984375,0.314453125,0.3236425518989563,2.7870054244995117,ppo_baseline,PPO baseline,1,ac9747daee76239c878cc1339dfbe72a8ed020eaae9d3f5013a7ce78b8a07836,False,C:\rl_projects\src\repos\rl-constrained-decision-making\runs\ConstrainedNavigation-v0__ppo_baseline_51200_seed1__1__1786675596,,,,,,,,
training_diagnostics_v1,30720,0.515625,0.3291015625,0.287109375,0.3076472282409668,2.391512870788574,ppo_baseline,PPO baseline,1,ac9747daee76239c878cc1339dfbe72a8ed020eaae9d3f5013a7ce78b8a07836,False,C:\rl_projects\src\repos\rl-constrained-decision-making\runs\ConstrainedNavigation-v0__ppo_baseline_51200_seed1__1__1786675596,,,,,,,,
training_diagnostics_v1,31744,0.52734375,0.322265625,0.30859375,0.3265785574913025,2.5539703369140625,ppo_baseline,PPO baseline,1,ac9747daee76239c878cc1339dfbe72a8ed020eaae9d3f5013a7ce78b8a07836,False,C:\rl_projects\src\repos\rl-constrained-decision-making\runs\ConstrainedNavigation-v0__ppo_baseline_51200_seed1__1__1786675596,,,,,,,,
training_diagnostics_v1,32768,0.5859375,0.3662109375,0.3466796875,0.34200161695480347,2.945436954498291,ppo_baseline,PPO baseline,1,ac9747daee76239c878cc1339dfbe72a8ed020eaae9d3f5013a7ce78b8a07836,False,C:\rl_projects\src\repos\rl-constrained-decision-making\runs\ConstrainedNavigation-v0__ppo_baseline_51200_seed1__1__1786675596,,,,,,,,
training_diagnostics_v1,33792,0.541015625,0.3291015625,0.30859375,0.3129468560218811,3.0715723037719727,ppo_baseline,PPO baseline,1,ac9747daee76239c878cc1339dfbe72a8ed020eaae9d3f5013a7ce78b8a07836,False,C:\rl_projects\src\repos\rl-constrained-decision-making\runs\ConstrainedNavigation-v0__ppo_baseline_51200_seed1__1__1786675596,,,,,,,,
training_diagnostics_v1,34816,0.517578125,0.314453125,0.306640625,0.3232630789279938,2.655191659927368,ppo_baseline,PPO baseline,1,ac9747daee76239c878cc1339dfbe72a8ed020eaae9d3f5013a7ce78b8a07836,False,C:\rl_projects\src\repos\rl-constrained-decision-making\runs\ConstrainedNavigation-v0__ppo_baseline_51200_seed1__1__1786675596,,,,,,,,
training_diagnostics_v1,35840,0.5205078125,0.31640625,0.2939453125,0.3027843236923218,2.9237618446350098,ppo_baseline,PPO baseline,1,ac9747daee76239c878cc1339dfbe72a8ed020eaae9d3f5013a7ce78b8a07836,False,C:\rl_projects\src\repos\rl-constrained-decision-making\runs\ConstrainedNavigation-v0__ppo_baseline_51200_seed1__1__1786675596,,,,,,,,
training_diagnostics_v1,36864,0.5625,0.3623046875,0.296875,0.3535477817058563,3.079446792602539,ppo_baseline,PPO baseline,1,ac9747daee76239c878cc1339dfbe72a8ed020eaae9d3f5013a7ce78b8a07836,False,C:\rl_projects\src\repos\rl-constrained-decision-making\runs\ConstrainedNavigation-v0__ppo_baseline_51200_seed1__1__1786675596,,,,,,,,
training_diagnostics_v1,37888,0.53125,0.3212890625,0.3125,0.3080049157142639,3.127380132675171,ppo_baseline,PPO baseline,1,ac9747daee76239c878cc1339dfbe72a8ed020eaae9d3f5013a7ce78b8a07836,False,C:\rl_projects\src\repos\rl-constrained-decision-making\runs\ConstrainedNavigation-v0__ppo_baseline_51200_seed1__1__1786675596,,,,,,,,
training_diagnostics_v1,38912,0.5439453125,0.33984375,0.322265625,0.34287312626838684,3.2750890254974365,ppo_baseline,PPO baseline,1,ac9747daee76239c878cc1339dfbe72a8ed020eaae9d3f5013a7ce78b8a07836,False,C:\rl_projects\src\repos\rl-constrained-decision-making\runs\ConstrainedNavigation-v0__ppo_baseline_51200_seed1__1__1786675596,,,,,,,,
training_diagnostics_v1,39936,0.5390625,0.3544921875,0.294921875,0.3382417857646942,2.8185625076293945,ppo_baseline,PPO baseline,1,ac9747daee76239c878cc1339dfbe72a8ed020eaae9d3f5013a7ce78b8a07836,False,C:\rl_projects\src\repos\rl-constrained-decision-making\runs\ConstrainedNavigation-v0__ppo_baseline_51200_seed1__1__1786675596,,,,,,,,
training_diagnostics_v1,40960,0.583984375,0.365234375,0.3330078125,0.34914061427116394,2.535820960998535,ppo_baseline,PPO baseline,1,ac9747daee76239c878cc1339dfbe72a8ed020eaae9d3f5013a7ce78b8a07836,False,C:\rl_projects\src\repos\rl-constrained-decision-making\runs\ConstrainedNavigation-v0__ppo_baseline_51200_seed1__1__1786675596,,,,,,,,
training_diagnostics_v1,41984,0.546875,0.369140625,0.2900390625,0.3367769420146942,2.609496593475342,ppo_baseline,PPO baseline,1,ac9747daee76239c878cc1339dfbe72a8ed020eaae9d3f5013a7ce78b8a07836,False,C:\rl_projects\src\repos\rl-constrained-decision-making\runs\ConstrainedNavigation-v0__ppo_baseline_51200_seed1__1__1786675596,,,,,,,,
training_diagnostics_v1,43008,0.548828125,0.369140625,0.2978515625,0.3254217803478241,2.720984697341919,ppo_baseline,PPO baseline,1,ac9747daee76239c878cc1339dfbe72a8ed020eaae9d3f5013a7ce78b8a07836,False,C:\rl_projects\src\repos\rl-constrained-decision-making\runs\ConstrainedNavigation-v0__ppo_baseline_51200_seed1__1__1786675596,,,,,,,,
training_diagnostics_v1,44032,0.5546875,0.373046875,0.2890625,0.3238064646720886,2.3965260982513428,ppo_baseline,PPO baseline,1,ac9747daee76239c878cc1339dfbe72a8ed020eaae9d3f5013a7ce78b8a07836,False,C:\rl_projects\src\repos\rl-constrained-decision-making\runs\ConstrainedNavigation-v0__ppo_baseline_51200_seed1__1__1786675596,,,,,,,,
training_diagnostics_v1,45056,0.5478515625,0.359375,0.2900390625,0.3307856321334839,2.2690210342407227,ppo_baseline,PPO baseline,1,ac9747daee76239c878cc1339dfbe72a8ed020eaae9d3f5013a7ce78b8a07836,False,C:\rl_projects\src\repos\rl-constrained-decision-making\runs\ConstrainedNavigation-v0__ppo_baseline_51200_seed1__1__1786675596,,,,,,,,
training_diagnostics_v1,46080,0.5556640625,0.3525390625,0.3154296875,0.3374202847480774,2.85624361038208,ppo_baseline,PPO baseline,1,ac9747daee76239c878cc1339dfbe72a8ed020eaae9d3f5013a7ce78b8a07836,False,C:\rl_projects\src\repos\rl-constrained-decision-making\runs\ConstrainedNavigation-v0__ppo_baseline_51200_seed1__1__1786675596,,,,,,,,
training_diagnostics_v1,47104,0.5537109375,0.3701171875,0.2998046875,0.34455013275146484,3.380589008331299,ppo_baseline,PPO baseline,1,ac9747daee76239c878cc1339dfbe72a8ed020eaae9d3f5013a7ce78b8a07836,False,C:\rl_projects\src\repos\rl-constrained-decision-making\runs\ConstrainedNavigation-v0__ppo_baseline_51200_seed1__1__1786675596,,,,,,,,
training_diagnostics_v1,48128,0.556640625,0.349609375,0.302734375,0.31774279475212097,2.1149752140045166,ppo_baseline,PPO baseline,1,ac9747daee76239c878cc1339dfbe72a8ed020eaae9d3f5013a7ce78b8a07836,False,C:\rl_projects\src\repos\rl-constrained-decision-making\runs\ConstrainedNavigation-v0__ppo_baseline_51200_seed1__1__1786675596,,,,,,,,
training_diagnostics_v1,49152,0.5478515625,0.35546875,0.2939453125,0.33094051480293274,2.538872241973877,ppo_baseline,PPO baseline,1,ac9747daee76239c878cc1339dfbe72a8ed020eaae9d3f5013a7ce78b8a07836,False,C:\rl_projects\src\repos\rl-constrained-decision-making\runs\ConstrainedNavigation-v0__ppo_baseline_51200_seed1__1__1786675596,,,,,,,,
training_diagnostics_v1,50176,0.55078125,0.35546875,0.3134765625,0.36171454191207886,3.376142978668213,ppo_baseline,PPO baseline,1,ac9747daee76239c878cc1339dfbe72a8ed020eaae9d3f5013a7ce78b8a07836,False,C:\rl_projects\src\repos\rl-constrained-decision-making\runs\ConstrainedNavigation-v0__ppo_baseline_51200_seed1__1__1786675596,,,,,,,,
training_diagnostics_v1,51200,0.541015625,0.349609375,0.298828125,0.3337661027908325,3.0911660194396973,ppo_baseline,PPO baseline,1,ac9747daee76239c878cc1339dfbe72a8ed020eaae9d3f5013a7ce78b8a07836,False,C:\rl_projects\src\repos\rl-constrained-decision-making\runs\ConstrainedNavigation-v0__ppo_baseline_51200_seed1__1__1786675596,,,,,,,,
training_diagnostics_v1,1024,0.525390625,0.306640625,0.33203125,0.3171607255935669,2.894812822341919,ppo_baseline,PPO baseline,2,b739ee92df7f8c5ecbcf3078764cb694532485a0a8395cabcc5b5e283ae77f58,False,C:\rl_projects\src\repos\rl-constrained-decision-making\runs\ConstrainedNavigation-v0__ppo_baseline_51200_seed2__2__1786765127,,,,,,,,
training_diagnostics_v1,2048,0.5283203125,0.3203125,0.3115234375,0.3221682906150818,3.426246166229248,ppo_baseline,PPO baseline,2,b739ee92df7f8c5ecbcf3078764cb694532485a0a8395cabcc5b5e283ae77f58,False,C:\rl_projects\src\repos\rl-constrained-decision-making\runs\ConstrainedNavigation-v0__ppo_baseline_51200_seed2__2__1786765127,,,,,,,,
training_diagnostics_v1,3072,0.544921875,0.3203125,0.3310546875,0.329826295375824,2.3075335025787354,ppo_baseline,PPO baseline,2,b739ee92df7f8c5ecbcf3078764cb694532485a0a8395cabcc5b5e283ae77f58,False,C:\rl_projects\src\repos\rl-constrained-decision-making\runs\ConstrainedNavigation-v0__ppo_baseline_51200_seed2__2__1786765127,,,,,,,,
training_diagnostics_v1,4096,0.5546875,0.3310546875,0.328125,0.33157867193222046,3.0287184715270996,ppo_baseline,PPO baseline,2,b739ee92df7f8c5ecbcf3078764cb694532485a0a8395cabcc5b5e283ae77f58,False,C:\rl_projects\src\repos\rl-constrained-decision-making\runs\ConstrainedNavigation-v0__ppo_baseline_51200_seed2__2__1786765127,,,,,,,,
training_diagnostics_v1,5120,0.5458984375,0.33203125,0.3115234375,0.317358136177063,2.5999183654785156,ppo_baseline,PPO baseline,2,b739ee92df7f8c5ecbcf3078764cb694532485a0a8395cabcc5b5e283ae77f58,False,C:\rl_projects\src\repos\rl-constrained-decision-making\runs\ConstrainedNavigation-v0__ppo_baseline_51200_seed2__2__1786765127,,,,,,,,
training_diagnostics_v1,6144,0.541015625,0.3291015625,0.302734375,0.31886959075927734,2.854193925857544,ppo_baseline,PPO baseline,2,b739ee92df7f8c5ecbcf3078764cb694532485a0a8395cabcc5b5e283ae77f58,False,C:\rl_projects\src\repos\rl-constrained-decision-making\runs\ConstrainedNavigation-v0__ppo_baseline_51200_seed2__2__1786765127,,,,,,,,
training_diagnostics_v1,7168,0.5234375,0.3046875,0.3232421875,0.2860359251499176,2.798201560974121,ppo_baseline,PPO baseline,2,b739ee92df7f8c5ecbcf3078764cb694532485a0a8395cabcc5b5e283ae77f58,False,C:\rl_projects\src\repos\rl-constrained-decision-making\runs\ConstrainedNavigation-v0__ppo_baseline_51200_seed2__2__1786765127,,,,,,,,
training_diagnostics_v1,8192,0.548828125,0.3408203125,0.3251953125,0.32546520233154297,2.90252423286438,ppo_baseline,PPO baseline,2,b739ee92df7f8c5ecbcf3078764cb694532485a0a8395cabcc5b5e283ae77f58,False,C:\rl_projects\src\repos\rl-constrained-decision-making\runs\ConstrainedNavigation-v0__ppo_baseline_51200_seed2__2__1786765127,,,,,,,,
training_diagnostics_v1,9216,0.544921875,0.3271484375,0.32421875,0.3255632221698761,3.078244209289551,ppo_baseline,PPO baseline,2,b739ee92df7f8c5ecbcf3078764cb694532485a0a8395cabcc5b5e283ae77f58,False,C:\rl_projects\src\repos\rl-constrained-decision-making\runs\ConstrainedNavigation-v0__ppo_baseline_51200_seed2__2__1786765127,,,,,,,,
training_diagnostics_v1,10240,0.5498046875,0.333984375,0.3232421875,0.3355272114276886,2.795144557952881,ppo_baseline,PPO baseline,2,b739ee92df7f8c5ecbcf3078764cb694532485a0a8395cabcc5b5e283ae77f58,False,C:\rl_projects\src\repos\rl-constrained-decision-making\runs\ConstrainedNavigation-v0__ppo_baseline_51200_seed2__2__1786765127,,,,,,,,
training_diagnostics_v1,11264,0.5537109375,0.328125,0.318359375,0.3346329927444458,2.6595230102539062,ppo_baseline,PPO baseline,2,b739ee92df7f8c5ecbcf3078764cb694532485a0a8395cabcc5b5e283ae77f58,False,C:\rl_projects\src\repos\rl-constrained-decision-making\runs\ConstrainedNavigation-v0__ppo_baseline_51200_seed2__2__1786765127,,,,,,,,
training_diagnostics_v1,12288,0.5380859375,0.3212890625,0.314453125,0.3353242874145508,3.4916672706604004,ppo_baseline,PPO baseline,2,b739ee92df7f8c5ecbcf3078764cb694532485a0a8395cabcc5b5e283ae77f58,False,C:\rl_projects\src\repos\rl-constrained-decision-making\runs\ConstrainedNavigation-v0__ppo_baseline_51200_seed2__2__1786765127,,,,,,,,
training_diagnostics_v1,13312,0.57421875,0.3671875,0.32421875,0.34839895367622375,2.763603448867798,ppo_baseline,PPO baseline,2,b739ee92df7f8c5ecbcf3078764cb694532485a0a8395cabcc5b5e283ae77f58,False,C:\rl_projects\src\repos\rl-constrained-decision-making\runs\ConstrainedNavigation-v0__ppo_baseline_51200_seed2__2__1786765127,,,,,,,,
training_diagnostics_v1,14336,0.560546875,0.3515625,0.318359375,0.34931308031082153,3.2358264923095703,ppo_baseline,PPO baseline,2,b739ee92df7f8c5ecbcf3078764cb694532485a0a8395cabcc5b5e283ae77f58,False,C:\rl_projects\src\repos\rl-constrained-decision-making\runs\ConstrainedNavigation-v0__ppo_baseline_51200_seed2__2__1786765127,,,,,,,,
training_diagnostics_v1,15360,0.5771484375,0.3603515625,0.3359375,0.37006625533103943,2.9732258319854736,ppo_baseline,PPO baseline,2,b739ee92df7f8c5ecbcf3078764cb694532485a0a8395cabcc5b5e283ae77f58,False,C:\rl_projects\src\repos\rl-constrained-decision-making\runs\ConstrainedNavigation-v0__ppo_baseline_51200_seed2__2__1786765127,,,,,,,,
training_diagnostics_v1,16384,0.5595703125,0.353515625,0.3173828125,0.34684279561042786,2.519857168197632,ppo_baseline,PPO baseline,2,b739ee92df7f8c5ecbcf3078764cb694532485a0a8395cabcc5b5e283ae77f58,False,C:\rl_projects\src\repos\rl-constrained-decision-making\runs\ConstrainedNavigation-v0__ppo_baseline_51200_seed2__2__1786765127,,,,,,,,
training_diagnostics_v1,17408,0.6044921875,0.3876953125,0.3642578125,0.41383013129234314,3.3344438076019287,ppo_baseline,PPO baseline,2,b739ee92df7f8c5ecbcf3078764cb694532485a0a8395cabcc5b5e283ae77f58,False,C:\rl_projects\src\repos\rl-constrained-decision-making\runs\ConstrainedNavigation-v0__ppo_baseline_51200_seed2__2__1786765127,,,,,,,,
training_diagnostics_v1,18432,0.5849609375,0.373046875,0.333984375,0.37965577840805054,2.3754310607910156,ppo_baseline,PPO baseline,2,b739ee92df7f8c5ecbcf3078764cb694532485a0a8395cabcc5b5e283ae77f58,False,C:\rl_projects\src\repos\rl-constrained-decision-making\runs\ConstrainedNavigation-v0__ppo_baseline_51200_seed2__2__1786765127,,,,,,,,
training_diagnostics_v1,19456,0.6005859375,0.392578125,0.345703125,0.42230668663978577,2.6621875762939453,ppo_baseline,PPO baseline,2,b739ee92df7f8c5ecbcf3078764cb694532485a0a8395cabcc5b5e283ae77f58,False,C:\rl_projects\src\repos\rl-constrained-decision-making\runs\ConstrainedNavigation-v0__ppo_baseline_51200_seed2__2__1786765127,,,,,,,,
training_diagnostics_v1,20480,0.611328125,0.427734375,0.32421875,0.4251820147037506,2.5685062408447266,ppo_baseline,PPO baseline,2,b739ee92df7f8c5ecbcf3078764cb694532485a0a8395cabcc5b5e283ae77f58,False,C:\rl_projects\src\repos\rl-constrained-decision-making\runs\ConstrainedNavigation-v0__ppo_baseline_51200_seed2__2__1786765127,,,,,,,,
training_diagnostics_v1,21504,0.6669921875,0.470703125,0.3525390625,0.491554319858551,3.962538719177246,ppo_baseline,PPO baseline,2,b739ee92df7f8c5ecbcf3078764cb694532485a0a8395cabcc5b5e283ae77f58,False,C:\rl_projects\src\repos\rl-constrained-decision-making\runs\ConstrainedNavigation-v0__ppo_baseline_51200_seed2__2__1786765127,,,,,,,,
training_diagnostics_v1,22528,0.640625,0.482421875,0.3017578125,0.4783226549625397,3.4862236976623535,ppo_baseline,PPO baseline,2,b739ee92df7f8c5ecbcf3078764cb694532485a0a8395cabcc5b5e283ae77f58,False,C:\rl_projects\src\repos\rl-constrained-decision-making\runs\ConstrainedNavigation-v0__ppo_baseline_51200_seed2__2__1786765127,,,,,,,,
training_diagnostics_v1,23552,0.6669921875,0.5068359375,0.3232421875,0.5446550846099854,3.2436869144439697,ppo_baseline,PPO baseline,2,b739ee92df7f8c5ecbcf3078764cb694532485a0a8395cabcc5b5e283ae77f58,False,C:\rl_projects\src\repos\rl-constrained-decision-making\runs\ConstrainedNavigation-v0__ppo_baseline_51200_seed2__2__1786765127,,,,,,,,
training_diagnostics_v1,24576,0.6796875,0.5283203125,0.314453125,0.5373242497444153,3.2949774265289307,ppo_baseline,PPO baseline,2,b739ee92df7f8c5ecbcf3078764cb694532485a0a8395cabcc5b5e283ae77f58,False,C:\rl_projects\src\repos\rl-constrained-decision-making\runs\ConstrainedNavigation-v0__ppo_baseline_51200_seed2__2__1786765127,,,,,,,,
training_diagnostics_v1,25600,0.6796875,0.541015625,0.31640625,0.5225533843040466,3.356840133666992,ppo_baseline,PPO baseline,2,b739ee92df7f8c5ecbcf3078764cb694532485a0a8395cabcc5b5e283ae77f58,False,C:\rl_projects\src\repos\rl-constrained-decision-making\runs\ConstrainedNavigation-v0__ppo_baseline_51200_seed2__2__1786765127,,,,,,,,
training_diagnostics_v1,26624,0.7080078125,0.5654296875,0.3056640625,0.5710251331329346,4.125983238220215,ppo_baseline,PPO baseline,2,b739ee92df7f8c5ecbcf3078764cb694532485a0a8395cabcc5b5e283ae77f58,False,C:\rl_projects\src\repos\rl-constrained-decision-making\runs\ConstrainedNavigation-v0__ppo_baseline_51200_seed2__2__1786765127,,,,,,,,
training_diagnostics_v1,27648,0.70703125,0.5478515625,0.33984375,0.5504867434501648,3.3020691871643066,ppo_baseline,PPO baseline,2,b739ee92df7f8c5ecbcf3078764cb694532485a0a8395cabcc5b5e283ae77f58,False,C:\rl_projects\src\repos\rl-constrained-decision-making\runs\ConstrainedNavigation-v0__ppo_baseline_51200_seed2__2__1786765127,,,,,,,,
training_diagnostics_v1,28672,0.7353515625,0.6103515625,0.3193359375,0.6241598129272461,3.5356059074401855,ppo_baseline,PPO baseline,2,b739ee92df7f8c5ecbcf3078764cb694532485a0a8395cabcc5b5e283ae77f58,False,C:\rl_projects\src\repos\rl-constrained-decision-making\runs\ConstrainedNavigation-v0__ppo_baseline_51200_seed2__2__1786765127,,,,,,,,
training_diagnostics_v1,29696,0.7763671875,0.66015625,0.3232421875,0.6980507373809814,2.985508918762207,ppo_baseline,PPO baseline,2,b739ee92df7f8c5ecbcf3078764cb694532485a0a8395cabcc5b5e283ae77f58,False,C:\rl_projects\src\repos\rl-constrained-decision-making\runs\ConstrainedNavigation-v0__ppo_baseline_51200_seed2__2__1786765127,,,,,,,,
training_diagnostics_v1,30720,0.767578125,0.6796875,0.3046875,0.7410103678703308,3.614722490310669,ppo_baseline,PPO baseline,2,b739ee92df7f8c5ecbcf3078764cb694532485a0a8395cabcc5b5e283ae77f58,False,C:\rl_projects\src\repos\rl-constrained-decision-making\runs\ConstrainedNavigation-v0__ppo_baseline_51200_seed2__2__1786765127,,,,,,,,
training_diagnostics_v1,31744,0.7861328125,0.6953125,0.3076171875,0.7747421860694885,4.368529319763184,ppo_baseline,PPO baseline,2,b739ee92df7f8c5ecbcf3078764cb694532485a0a8395cabcc5b5e283ae77f58,False,C:\rl_projects\src\repos\rl-constrained-decision-making\runs\ConstrainedNavigation-v0__ppo_baseline_51200_seed2__2__1786765127,,,,,,,,
training_diagnostics_v1,32768,0.81640625,0.7138671875,0.3388671875,0.8463014960289001,3.5002150535583496,ppo_baseline,PPO baseline,2,b739ee92df7f8c5ecbcf3078764cb694532485a0a8395cabcc5b5e283ae77f58,False,C:\rl_projects\src\repos\rl-constrained-decision-making\runs\ConstrainedNavigation-v0__ppo_baseline_51200_seed2__2__1786765127,,,,,,,,
training_diagnostics_v1,33792,0.7958984375,0.7080078125,0.2958984375,0.8340541124343872,3.3794898986816406,ppo_baseline,PPO baseline,2,b739ee92df7f8c5ecbcf3078764cb694532485a0a8395cabcc5b5e283ae77f58,False,C:\rl_projects\src\repos\rl-constrained-decision-making\runs\ConstrainedNavigation-v0__ppo_baseline_51200_seed2__2__1786765127,,,,,,,,
training_diagnostics_v1,34816,0.810546875,0.7236328125,0.3017578125,0.8168485164642334,3.623141288757324,ppo_baseline,PPO baseline,2,b739ee92df7f8c5ecbcf3078764cb694532485a0a8395cabcc5b5e283ae77f58,False,C:\rl_projects\src\repos\rl-constrained-decision-making\runs\ConstrainedNavigation-v0__ppo_baseline_51200_seed2__2__1786765127,,,,,,,,
training_diagnostics_v1,35840,0.8115234375,0.7177734375,0.3291015625,0.8217943906784058,4.089558124542236,ppo_baseline,PPO baseline,2,b739ee92df7f8c5ecbcf3078764cb694532485a0a8395cabcc5b5e283ae77f58,False,C:\rl_projects\src\repos\rl-constrained-decision-making\runs\ConstrainedNavigation-v0__ppo_baseline_51200_seed2__2__1786765127,,,,,,,,
training_diagnostics_v1,36864,0.7802734375,0.681640625,0.3115234375,0.7739729285240173,3.9589180946350098,ppo_baseline,PPO baseline,2,b739ee92df7f8c5ecbcf3078764cb694532485a0a8395cabcc5b5e283ae77f58,False,C:\rl_projects\src\repos\rl-constrained-decision-making\runs\ConstrainedNavigation-v0__ppo_baseline_51200_seed2__2__1786765127,,,,,,,,
training_diagnostics_v1,37888,0.787109375,0.6884765625,0.30078125,0.744887113571167,3.5774004459381104,ppo_baseline,PPO baseline,2,b739ee92df7f8c5ecbcf3078764cb694532485a0a8395cabcc5b5e283ae77f58,False,C:\rl_projects\src\repos\rl-constrained-decision-making\runs\ConstrainedNavigation-v0__ppo_baseline_51200_seed2__2__1786765127,,,,,,,,
training_diagnostics_v1,38912,0.8037109375,0.71484375,0.30078125,0.8029505610466003,4.169355869293213,ppo_baseline,PPO baseline,2,b739ee92df7f8c5ecbcf3078764cb694532485a0a8395cabcc5b5e283ae77f58,False,C:\rl_projects\src\repos\rl-constrained-decision-making\runs\ConstrainedNavigation-v0__ppo_baseline_51200_seed2__2__1786765127,,,,,,,,
training_diagnostics_v1,39936,0.81640625,0.7041015625,0.3232421875,0.8064638376235962,3.7459468841552734,ppo_baseline,PPO baseline,2,b739ee92df7f8c5ecbcf3078764cb694532485a0a8395cabcc5b5e283ae77f58,False,C:\rl_projects\src\repos\rl-constrained-decision-making\runs\ConstrainedNavigation-v0__ppo_baseline_51200_seed2__2__1786765127,,,,,,,,
training_diagnostics_v1,40960,0.8232421875,0.7373046875,0.32421875,0.8750795722007751,3.2166285514831543,ppo_baseline,PPO baseline,2,b739ee92df7f8c5ecbcf3078764cb694532485a0a8395cabcc5b5e283ae77f58,False,C:\rl_projects\src\repos\rl-constrained-decision-making\runs\ConstrainedNavigation-v0__ppo_baseline_51200_seed2__2__1786765127,,,,,,,,
training_diagnostics_v1,41984,0.8603515625,0.7900390625,0.3125,0.9516661167144775,4.050149440765381,ppo_baseline,PPO baseline,2,b739ee92df7f8c5ecbcf3078764cb694532485a0a8395cabcc5b5e283ae77f58,False,C:\rl_projects\src\repos\rl-constrained-decision-making\runs\ConstrainedNavigation-v0__ppo_baseline_51200_seed2__2__1786765127,,,,,,,,
training_diagnostics_v1,43008,0.849609375,0.7822265625,0.29296875,0.9544639587402344,3.691401243209839,ppo_baseline,PPO baseline,2,b739ee92df7f8c5ecbcf3078764cb694532485a0a8395cabcc5b5e283ae77f58,False,C:\rl_projects\src\repos\rl-constrained-decision-making\runs\ConstrainedNavigation-v0__ppo_baseline_51200_seed2__2__1786765127,,,,,,,,
training_diagnostics_v1,44032,0.841796875,0.7744140625,0.298828125,0.94282066822052,4.016480445861816,ppo_baseline,PPO baseline,2,b739ee92df7f8c5ecbcf3078764cb694532485a0a8395cabcc5b5e283ae77f58,False,C:\rl_projects\src\repos\rl-constrained-decision-making\runs\ConstrainedNavigation-v0__ppo_baseline_51200_seed2__2__1786765127,,,,,,,,
training_diagnostics_v1,45056,0.8291015625,0.740234375,0.306640625,0.8831659555435181,3.828580856323242,ppo_baseline,PPO baseline,2,b739ee92df7f8c5ecbcf3078764cb694532485a0a8395cabcc5b5e283ae77f58,False,C:\rl_projects\src\repos\rl-constrained-decision-making\runs\ConstrainedNavigation-v0__ppo_baseline_51200_seed2__2__1786765127,,,,,,,,
training_diagnostics_v1,46080,0.8388671875,0.7705078125,0.296875,0.9058964848518372,4.237032413482666,ppo_baseline,PPO baseline,2,b739ee92df7f8c5ecbcf3078764cb694532485a0a8395cabcc5b5e283ae77f58,False,C:\rl_projects\src\repos\rl-constrained-decision-making\runs\ConstrainedNavigation-v0__ppo_baseline_51200_seed2__2__1786765127,,,,,,,,
training_diagnostics_v1,47104,0.8388671875,0.7841796875,0.3115234375,0.9662925004959106,3.428516387939453,ppo_baseline,PPO baseline,2,b739ee92df7f8c5ecbcf3078764cb694532485a0a8395cabcc5b5e283ae77f58,False,C:\rl_projects\src\repos\rl-constrained-decision-making\runs\ConstrainedNavigation-v0__ppo_baseline_51200_seed2__2__1786765127,,,,,,,,
training_diagnostics_v1,48128,0.8505859375,0.7763671875,0.3115234375,0.9204879999160767,3.7363548278808594,ppo_baseline,PPO baseline,2,b739ee92df7f8c5ecbcf3078764cb694532485a0a8395cabcc5b5e283ae77f58,False,C:\rl_projects\src\repos\rl-constrained-decision-making\runs\ConstrainedNavigation-v0__ppo_baseline_51200_seed2__2__1786765127,,,,,,,,
training_diagnostics_v1,49152,0.8447265625,0.787109375,0.3046875,0.984076976776123,3.93660044670105,ppo_baseline,PPO baseline,2,b739ee92df7f8c5ecbcf3078764cb694532485a0a8395cabcc5b5e283ae77f58,False,C:\rl_projects\src\repos\rl-constrained-decision-making\runs\ConstrainedNavigation-v0__ppo_baseline_51200_seed2__2__1786765127,,,,,,,,
training_diagnostics_v1,50176,0.8505859375,0.7939453125,0.298828125,0.9570900201797485,3.8544387817382812,ppo_baseline,PPO baseline,2,b739ee92df7f8c5ecbcf3078764cb694532485a0a8395cabcc5b5e283ae77f58,False,C:\rl_projects\src\repos\rl-constrained-decision-making\runs\ConstrainedNavigation-v0__ppo_baseline_51200_seed2__2__1786765127,,,,,,,,
training_diagnostics_v1,51200,0.8232421875,0.759765625,0.2626953125,0.9264100193977356,3.745628833770752,ppo_baseline,PPO baseline,2,b739ee92df7f8c5ecbcf3078764cb694532485a0a8395cabcc5b5e283ae77f58,False,C:\rl_projects\src\repos\rl-constrained-decision-making\runs\ConstrainedNavigation-v0__ppo_baseline_51200_seed2__2__1786765127,,,,,,,,
training_diagnostics_v1,1024,0.5322265625,0.3271484375,0.306640625,0.29554325342178345,2.770411252975464,ppo_baseline,PPO baseline,3,8a5e7c0edb9e277062afa2433ca3ef1568bb909b75bf3bdb82e42469e8e81171,False,C:\rl_projects\src\repos\rl-constrained-decision-making\runs\ConstrainedNavigation-v0__ppo_baseline_51200_seed3__3__1786766518,,,,,,,,
training_diagnostics_v1,2048,0.509765625,0.31640625,0.298828125,0.2906416952610016,2.424259662628174,ppo_baseline,PPO baseline,3,8a5e7c0edb9e277062afa2433ca3ef1568bb909b75bf3bdb82e42469e8e81171,False,C:\rl_projects\src\repos\rl-constrained-decision-making\runs\ConstrainedNavigation-v0__ppo_baseline_51200_seed3__3__1786766518,,,,,,,,
training_diagnostics_v1,3072,0.548828125,0.33984375,0.33203125,0.3217782974243164,2.630458354949951,ppo_baseline,PPO baseline,3,8a5e7c0edb9e277062afa2433ca3ef1568bb909b75bf3bdb82e42469e8e81171,False,C:\rl_projects\src\repos\rl-constrained-decision-making\runs\ConstrainedNavigation-v0__ppo_baseline_51200_seed3__3__1786766518,,,,,,,,
training_diagnostics_v1,4096,0.5439453125,0.3115234375,0.33203125,0.3199880123138428,2.592026948928833,ppo_baseline,PPO baseline,3,8a5e7c0edb9e277062afa2433ca3ef1568bb909b75bf3bdb82e42469e8e81171,False,C:\rl_projects\src\repos\rl-constrained-decision-making\runs\ConstrainedNavigation-v0__ppo_baseline_51200_seed3__3__1786766518,,,,,,,,
training_diagnostics_v1,5120,0.5400390625,0.302734375,0.3427734375,0.3377658724784851,2.710371494293213,ppo_baseline,PPO baseline,3,8a5e7c0edb9e277062afa2433ca3ef1568bb909b75bf3bdb82e42469e8e81171,False,C:\rl_projects\src\repos\rl-constrained-decision-making\runs\ConstrainedNavigation-v0__ppo_baseline_51200_seed3__3__1786766518,,,,,,,,
training_diagnostics_v1,6144,0.5263671875,0.3056640625,0.328125,0.31628257036209106,2.889359712600708,ppo_baseline,PPO baseline,3,8a5e7c0edb9e277062afa2433ca3ef1568bb909b75bf3bdb82e42469e8e81171,False,C:\rl_projects\src\repos\rl-constrained-decision-making\runs\ConstrainedNavigation-v0__ppo_baseline_51200_seed3__3__1786766518,,,,,,,,
training_diagnostics_v1,7168,0.5625,0.33203125,0.3388671875,0.3358491063117981,2.4268360137939453,ppo_baseline,PPO baseline,3,8a5e7c0edb9e277062afa2433ca3ef1568bb909b75bf3bdb82e42469e8e81171,False,C:\rl_projects\src\repos\rl-constrained-decision-making\runs\ConstrainedNavigation-v0__ppo_baseline_51200_seed3__3__1786766518,,,,,,,,
training_diagnostics_v1,8192,0.5595703125,0.3427734375,0.3369140625,0.33587878942489624,2.41758131980896,ppo_baseline,PPO baseline,3,8a5e7c0edb9e277062afa2433ca3ef1568bb909b75bf3bdb82e42469e8e81171,False,C:\rl_projects\src\repos\rl-constrained-decision-making\runs\ConstrainedNavigation-v0__ppo_baseline_51200_seed3__3__1786766518,,,,,,,,
training_diagnostics_v1,9216,0.5546875,0.3408203125,0.3271484375,0.34586477279663086,2.5409586429595947,ppo_baseline,PPO baseline,3,8a5e7c0edb9e277062afa2433ca3ef1568bb909b75bf3bdb82e42469e8e81171,False,C:\rl_projects\src\repos\rl-constrained-decision-making\runs\ConstrainedNavigation-v0__ppo_baseline_51200_seed3__3__1786766518,,,,,,,,
training_diagnostics_v1,10240,0.5546875,0.345703125,0.3125,0.32121679186820984,2.6436262130737305,ppo_baseline,PPO baseline,3,8a5e7c0edb9e277062afa2433ca3ef1568bb909b75bf3bdb82e42469e8e81171,False,C:\rl_projects\src\repos\rl-constrained-decision-making\runs\ConstrainedNavigation-v0__ppo_baseline_51200_seed3__3__1786766518,,,,,,,,
training_diagnostics_v1,11264,0.5634765625,0.33203125,0.337890625,0.34983745217323303,2.962242364883423,ppo_baseline,PPO baseline,3,8a5e7c0edb9e277062afa2433ca3ef1568bb909b75bf3bdb82e42469e8e81171,False,C:\rl_projects\src\repos\rl-constrained-decision-making\runs\ConstrainedNavigation-v0__ppo_baseline_51200_seed3__3__1786766518,,,,,,,,
training_diagnostics_v1,12288,0.576171875,0.35546875,0.3232421875,0.32192355394363403,2.6095168590545654,ppo_baseline,PPO baseline,3,8a5e7c0edb9e277062afa2433ca3ef1568bb909b75bf3bdb82e42469e8e81171,False,C:\rl_projects\src\repos\rl-constrained-decision-making\runs\ConstrainedNavigation-v0__ppo_baseline_51200_seed3__3__1786766518,,,,,,,,
training_diagnostics_v1,13312,0.5556640625,0.3291015625,0.328125,0.32069405913352966,2.8072762489318848,ppo_baseline,PPO baseline,3,8a5e7c0edb9e277062afa2433ca3ef1568bb909b75bf3bdb82e42469e8e81171,False,C:\rl_projects\src\repos\rl-constrained-decision-making\runs\ConstrainedNavigation-v0__ppo_baseline_51200_seed3__3__1786766518,,,,,,,,
training_diagnostics_v1,14336,0.5537109375,0.32421875,0.333984375,0.337918758392334,3.4174249172210693,ppo_baseline,PPO baseline,3,8a5e7c0edb9e277062afa2433ca3ef1568bb909b75bf3bdb82e42469e8e81171,False,C:\rl_projects\src\repos\rl-constrained-decision-making\runs\ConstrainedNavigation-v0__ppo_baseline_51200_seed3__3__1786766518,,,,,,,,
training_diagnostics_v1,15360,0.5390625,0.326171875,0.3369140625,0.33688458800315857,2.4200098514556885,ppo_baseline,PPO baseline,3,8a5e7c0edb9e277062afa2433ca3ef1568bb909b75bf3bdb82e42469e8e81171,False,C:\rl_projects\src\repos\rl-constrained-decision-making\runs\ConstrainedNavigation-v0__ppo_baseline_51200_seed3__3__1786766518,,,,,,,,
training_diagnostics_v1,16384,0.568359375,0.3486328125,0.3310546875,0.35342127084732056,2.683262348175049,ppo_baseline,PPO baseline,3,8a5e7c0edb9e277062afa2433ca3ef1568bb909b75bf3bdb82e42469e8e81171,False,C:\rl_projects\src\repos\rl-constrained-decision-making\runs\ConstrainedNavigation-v0__ppo_baseline_51200_seed3__3__1786766518,,,,,,,,
training_diagnostics_v1,17408,0.5224609375,0.318359375,0.3134765625,0.3174782991409302,2.8050434589385986,ppo_baseline,PPO baseline,3,8a5e7c0edb9e277062afa2433ca3ef1568bb909b75bf3bdb82e42469e8e81171,False,C:\rl_projects\src\repos\rl-constrained-decision-making\runs\ConstrainedNavigation-v0__ppo_baseline_51200_seed3__3__1786766518,,,,,,,,
training_diagnostics_v1,18432,0.537109375,0.341796875,0.3154296875,0.35716941952705383,2.212289810180664,ppo_baseline,PPO baseline,3,8a5e7c0edb9e277062afa2433ca3ef1568bb909b75bf3bdb82e42469e8e81171,False,C:\rl_projects\src\repos\rl-constrained-decision-making\runs\ConstrainedNavigation-v0__ppo_baseline_51200_seed3__3__1786766518,,,,,,,,
training_diagnostics_v1,19456,0.564453125,0.35546875,0.3154296875,0.3369908928871155,2.493924140930176,ppo_baseline,PPO baseline,3,8a5e7c0edb9e277062afa2433ca3ef1568bb909b75bf3bdb82e42469e8e81171,False,C:\rl_projects\src\repos\rl-constrained-decision-making\runs\ConstrainedNavigation-v0__ppo_baseline_51200_seed3__3__1786766518,,,,,,,,
training_diagnostics_v1,20480,0.55859375,0.3583984375,0.3154296875,0.3493833541870117,2.5961267948150635,ppo_baseline,PPO baseline,3,8a5e7c0edb9e277062afa2433ca3ef1568bb909b75bf3bdb82e42469e8e81171,False,C:\rl_projects\src\repos\rl-constrained-decision-making\runs\ConstrainedNavigation-v0__ppo_baseline_51200_seed3__3__1786766518,,,,,,,,
training_diagnostics_v1,21504,0.5537109375,0.3427734375,0.3193359375,0.36492547392845154,2.8966994285583496,ppo_baseline,PPO baseline,3,8a5e7c0edb9e277062afa2433ca3ef1568bb909b75bf3bdb82e42469e8e81171,False,C:\rl_projects\src\repos\rl-constrained-decision-making\runs\ConstrainedNavigation-v0__ppo_baseline_51200_seed3__3__1786766518,,,,,,,,
training_diagnostics_v1,22528,0.5615234375,0.3408203125,0.3291015625,0.3186618685722351,2.937037944793701,ppo_baseline,PPO baseline,3,8a5e7c0edb9e277062afa2433ca3ef1568bb909b75bf3bdb82e42469e8e81171,False,C:\rl_projects\src\repos\rl-constrained-decision-making\runs\ConstrainedNavigation-v0__ppo_baseline_51200_seed3__3__1786766518,,,,,,,,
training_diagnostics_v1,23552,0.5546875,0.35546875,0.306640625,0.34766459465026855,2.9141249656677246,ppo_baseline,PPO baseline,3,8a5e7c0edb9e277062afa2433ca3ef1568bb909b75bf3bdb82e42469e8e81171,False,C:\rl_projects\src\repos\rl-constrained-decision-making\runs\ConstrainedNavigation-v0__ppo_baseline_51200_seed3__3__1786766518,,,,,,,,
training_diagnostics_v1,24576,0.5595703125,0.3828125,0.2998046875,0.38202908635139465,3.9659767150878906,ppo_baseline,PPO baseline,3,8a5e7c0edb9e277062afa2433ca3ef1568bb909b75bf3bdb82e42469e8e81171,False,C:\rl_projects\src\repos\rl-constrained-decision-making\runs\ConstrainedNavigation-v0__ppo_baseline_51200_seed3__3__1786766518,,,,,,,,
training_diagnostics_v1,25600,0.560546875,0.3427734375,0.3349609375,0.3561039865016937,3.5862505435943604,ppo_baseline,PPO baseline,3,8a5e7c0edb9e277062afa2433ca3ef1568bb909b75bf3bdb82e42469e8e81171,False,C:\rl_projects\src\repos\rl-constrained-decision-making\runs\ConstrainedNavigation-v0__ppo_baseline_51200_seed3__3__1786766518,,,,,,,,
training_diagnostics_v1,26624,0.5888671875,0.37890625,0.35546875,0.38365408778190613,2.827913522720337,ppo_baseline,PPO baseline,3,8a5e7c0edb9e277062afa2433ca3ef1568bb909b75bf3bdb82e42469e8e81171,False,C:\rl_projects\src\repos\rl-constrained-decision-making\runs\ConstrainedNavigation-v0__ppo_baseline_51200_seed3__3__1786766518,,,,,,,,
training_diagnostics_v1,27648,0.5380859375,0.353515625,0.296875,0.35254332423210144,2.7302284240722656,ppo_baseline,PPO baseline,3,8a5e7c0edb9e277062afa2433ca3ef1568bb909b75bf3bdb82e42469e8e81171,False,C:\rl_projects\src\repos\rl-constrained-decision-making\runs\ConstrainedNavigation-v0__ppo_baseline_51200_seed3__3__1786766518,,,,,,,,
training_diagnostics_v1,28672,0.5849609375,0.369140625,0.330078125,0.394268274307251,2.739741086959839,ppo_baseline,PPO baseline,3,8a5e7c0edb9e277062afa2433ca3ef1568bb909b75bf3bdb82e42469e8e81171,False,C:\rl_projects\src\repos\rl-constrained-decision-making\runs\ConstrainedNavigation-v0__ppo_baseline_51200_seed3__3__1786766518,,,,,,,,
training_diagnostics_v1,29696,0.5546875,0.353515625,0.3046875,0.3488263189792633,2.5363290309906006,ppo_baseline,PPO baseline,3,8a5e7c0edb9e277062afa2433ca3ef1568bb909b75bf3bdb82e42469e8e81171,False,C:\rl_projects\src\repos\rl-constrained-decision-making\runs\ConstrainedNavigation-v0__ppo_baseline_51200_seed3__3__1786766518,,,,,,,,
training_diagnostics_v1,30720,0.5732421875,0.365234375,0.3291015625,0.35835954546928406,3.4696717262268066,ppo_baseline,PPO baseline,3,8a5e7c0edb9e277062afa2433ca3ef1568bb909b75bf3bdb82e42469e8e81171,False,C:\rl_projects\src\repos\rl-constrained-decision-making\runs\ConstrainedNavigation-v0__ppo_baseline_51200_seed3__3__1786766518,,,,,,,,
training_diagnostics_v1,31744,0.5849609375,0.3603515625,0.3330078125,0.3663761019706726,2.5299787521362305,ppo_baseline,PPO baseline,3,8a5e7c0edb9e277062afa2433ca3ef1568bb909b75bf3bdb82e42469e8e81171,False,C:\rl_projects\src\repos\rl-constrained-decision-making\runs\ConstrainedNavigation-v0__ppo_baseline_51200_seed3__3__1786766518,,,,,,,,
training_diagnostics_v1,32768,0.5732421875,0.3642578125,0.326171875,0.37715375423431396,3.585968017578125,ppo_baseline,PPO baseline,3,8a5e7c0edb9e277062afa2433ca3ef1568bb909b75bf3bdb82e42469e8e81171,False,C:\rl_projects\src\repos\rl-constrained-decision-making\runs\ConstrainedNavigation-v0__ppo_baseline_51200_seed3__3__1786766518,,,,,,,,
training_diagnostics_v1,33792,0.552734375,0.3642578125,0.3076171875,0.3462413549423218,2.7561707496643066,ppo_baseline,PPO baseline,3,8a5e7c0edb9e277062afa2433ca3ef1568bb909b75bf3bdb82e42469e8e81171,False,C:\rl_projects\src\repos\rl-constrained-decision-making\runs\ConstrainedNavigation-v0__ppo_baseline_51200_seed3__3__1786766518,,,,,,,,
training_diagnostics_v1,34816,0.5712890625,0.34375,0.35546875,0.3455409109592438,2.9427449703216553,ppo_baseline,PPO baseline,3,8a5e7c0edb9e277062afa2433ca3ef1568bb909b75bf3bdb82e42469e8e81171,False,C:\rl_projects\src\repos\rl-constrained-decision-making\runs\ConstrainedNavigation-v0__ppo_baseline_51200_seed3__3__1786766518,,,,,,,,
training_diagnostics_v1,35840,0.5634765625,0.3505859375,0.3212890625,0.3443571627140045,3.0371158123016357,ppo_baseline,PPO baseline,3,8a5e7c0edb9e277062afa2433ca3ef1568bb909b75bf3bdb82e42469e8e81171,False,C:\rl_projects\src\repos\rl-constrained-decision-making\runs\ConstrainedNavigation-v0__ppo_baseline_51200_seed3__3__1786766518,,,,,,,,
training_diagnostics_v1,36864,0.5244140625,0.328125,0.3076171875,0.3184588849544525,3.4485068321228027,ppo_baseline,PPO baseline,3,8a5e7c0edb9e277062afa2433ca3ef1568bb909b75bf3bdb82e42469e8e81171,False,C:\rl_projects\src\repos\rl-constrained-decision-making\runs\ConstrainedNavigation-v0__ppo_baseline_51200_seed3__3__1786766518,,,,,,,,
training_diagnostics_v1,37888,0.55859375,0.3212890625,0.345703125,0.3277101516723633,2.3244106769561768,ppo_baseline,PPO baseline,3,8a5e7c0edb9e277062afa2433ca3ef1568bb909b75bf3bdb82e42469e8e81171,False,C:\rl_projects\src\repos\rl-constrained-decision-making\runs\ConstrainedNavigation-v0__ppo_baseline_51200_seed3__3__1786766518,,,,,,,,
training_diagnostics_v1,38912,0.5576171875,0.3359375,0.330078125,0.3529825210571289,3.804600954055786,ppo_baseline,PPO baseline,3,8a5e7c0edb9e277062afa2433ca3ef1568bb909b75bf3bdb82e42469e8e81171,False,C:\rl_projects\src\repos\rl-constrained-decision-making\runs\ConstrainedNavigation-v0__ppo_baseline_51200_seed3__3__1786766518,,,,,,,,
training_diagnostics_v1,39936,0.5419921875,0.3447265625,0.3056640625,0.31431180238723755,2.407773017883301,ppo_baseline,PPO baseline,3,8a5e7c0edb9e277062afa2433ca3ef1568bb909b75bf3bdb82e42469e8e81171,False,C:\rl_projects\src\repos\rl-constrained-decision-making\runs\ConstrainedNavigation-v0__ppo_baseline_51200_seed3__3__1786766518,,,,,,,,
training_diagnostics_v1,40960,0.56640625,0.3447265625,0.3291015625,0.3450894057750702,2.8059616088867188,ppo_baseline,PPO baseline,3,8a5e7c0edb9e277062afa2433ca3ef1568bb909b75bf3bdb82e42469e8e81171,False,C:\rl_projects\src\repos\rl-constrained-decision-making\runs\ConstrainedNavigation-v0__ppo_baseline_51200_seed3__3__1786766518,,,,,,,,
training_diagnostics_v1,41984,0.5703125,0.337890625,0.3486328125,0.36120399832725525,2.720456838607788,ppo_baseline,PPO baseline,3,8a5e7c0edb9e277062afa2433ca3ef1568bb909b75bf3bdb82e42469e8e81171,False,C:\rl_projects\src\repos\rl-constrained-decision-making\runs\ConstrainedNavigation-v0__ppo_baseline_51200_seed3__3__1786766518,,,,,,,,
training_diagnostics_v1,43008,0.5556640625,0.3271484375,0.3310546875,0.36577028036117554,2.707695484161377,ppo_baseline,PPO baseline,3,8a5e7c0edb9e277062afa2433ca3ef1568bb909b75bf3bdb82e42469e8e81171,False,C:\rl_projects\src\repos\rl-constrained-decision-making\runs\ConstrainedNavigation-v0__ppo_baseline_51200_seed3__3__1786766518,,,,,,,,
training_diagnostics_v1,44032,0.5498046875,0.3359375,0.326171875,0.3311033248901367,2.7842111587524414,ppo_baseline,PPO baseline,3,8a5e7c0edb9e277062afa2433ca3ef1568bb909b75bf3bdb82e42469e8e81171,False,C:\rl_projects\src\repos\rl-constrained-decision-making\runs\ConstrainedNavigation-v0__ppo_baseline_51200_seed3__3__1786766518,,,,,,,,
training_diagnostics_v1,45056,0.5625,0.3291015625,0.3388671875,0.353665292263031,2.7824130058288574,ppo_baseline,PPO baseline,3,8a5e7c0edb9e277062afa2433ca3ef1568bb909b75bf3bdb82e42469e8e81171,False,C:\rl_projects\src\repos\rl-constrained-decision-making\runs\ConstrainedNavigation-v0__ppo_baseline_51200_seed3__3__1786766518,,,,,,,,
training_diagnostics_v1,46080,0.5498046875,0.34375,0.3349609375,0.3458765745162964,2.503143072128296,ppo_baseline,PPO baseline,3,8a5e7c0edb9e277062afa2433ca3ef1568bb909b75bf3bdb82e42469e8e81171,False,C:\rl_projects\src\repos\rl-constrained-decision-making\runs\ConstrainedNavigation-v0__ppo_baseline_51200_seed3__3__1786766518,,,,,,,,
training_diagnostics_v1,47104,0.5625,0.361328125,0.328125,0.3679426610469818,3.2823081016540527,ppo_baseline,PPO baseline,3,8a5e7c0edb9e277062afa2433ca3ef1568bb909b75bf3bdb82e42469e8e81171,False,C:\rl_projects\src\repos\rl-constrained-decision-making\runs\ConstrainedNavigation-v0__ppo_baseline_51200_seed3__3__1786766518,,,,,,,,
training_diagnostics_v1,48128,0.5537109375,0.337890625,0.330078125,0.3527217507362366,2.486245632171631,ppo_baseline,PPO baseline,3,8a5e7c0edb9e277062afa2433ca3ef1568bb909b75bf3bdb82e42469e8e81171,False,C:\rl_projects\src\repos\rl-constrained-decision-making\runs\ConstrainedNavigation-v0__ppo_baseline_51200_seed3__3__1786766518,,,,,,,,
training_diagnostics_v1,49152,0.5595703125,0.3388671875,0.337890625,0.3482033908367157,2.3652915954589844,ppo_baseline,PPO baseline,3,8a5e7c0edb9e277062afa2433ca3ef1568bb909b75bf3bdb82e42469e8e81171,False,C:\rl_projects\src\repos\rl-constrained-decision-making\runs\ConstrainedNavigation-v0__ppo_baseline_51200_seed3__3__1786766518,,,,,,,,
training_diagnostics_v1,50176,0.546875,0.322265625,0.33203125,0.3247149884700775,2.4627816677093506,ppo_baseline,PPO baseline,3,8a5e7c0edb9e277062afa2433ca3ef1568bb909b75bf3bdb82e42469e8e81171,False,C:\rl_projects\src\repos\rl-constrained-decision-making\runs\ConstrainedNavigation-v0__ppo_baseline_51200_seed3__3__1786766518,,,,,,,,
training_diagnostics_v1,51200,0.5556640625,0.32421875,0.330078125,0.33332011103630066,2.739670515060425,ppo_baseline,PPO baseline,3,8a5e7c0edb9e277062afa2433ca3ef1568bb909b75bf3bdb82e42469e8e81171,False,C:\rl_projects\src\repos\rl-constrained-decision-making\runs\ConstrainedNavigation-v0__ppo_baseline_51200_seed3__3__1786766518,,,,,,,,
training_diagnostics_v1,1024,0.5556640625,0.3154296875,0.35546875,0.3400648832321167,2.6034724712371826,ppo_baseline,PPO baseline,4,d0cdbe0eae3327affadf64e343d3519ee3e91fd82a805e833c9068c467b1af7c,False,C:\rl_projects\src\repos\rl-constrained-decision-making\runs\ConstrainedNavigation-v0__ppo_baseline_51200_seed4__4__1786827666,,,,,,,,
training_diagnostics_v1,2048,0.54296875,0.345703125,0.32421875,0.32383161783218384,2.814749002456665,ppo_baseline,PPO baseline,4,d0cdbe0eae3327affadf64e343d3519ee3e91fd82a805e833c9068c467b1af7c,False,C:\rl_projects\src\repos\rl-constrained-decision-making\runs\ConstrainedNavigation-v0__ppo_baseline_51200_seed4__4__1786827666,,,,,,,,
training_diagnostics_v1,3072,0.5693359375,0.34765625,0.333984375,0.3295210897922516,2.441771984100342,ppo_baseline,PPO baseline,4,d0cdbe0eae3327affadf64e343d3519ee3e91fd82a805e833c9068c467b1af7c,False,C:\rl_projects\src\repos\rl-constrained-decision-making\runs\ConstrainedNavigation-v0__ppo_baseline_51200_seed4__4__1786827666,,,,,,,,
training_diagnostics_v1,4096,0.53515625,0.32421875,0.3271484375,0.34061455726623535,2.8713033199310303,ppo_baseline,PPO baseline,4,d0cdbe0eae3327affadf64e343d3519ee3e91fd82a805e833c9068c467b1af7c,False,C:\rl_projects\src\repos\rl-constrained-decision-making\runs\ConstrainedNavigation-v0__ppo_baseline_51200_seed4__4__1786827666,,,,,,,,
training_diagnostics_v1,5120,0.5595703125,0.345703125,0.330078125,0.3237491548061371,2.518744707107544,ppo_baseline,PPO baseline,4,d0cdbe0eae3327affadf64e343d3519ee3e91fd82a805e833c9068c467b1af7c,False,C:\rl_projects\src\repos\rl-constrained-decision-making\runs\ConstrainedNavigation-v0__ppo_baseline_51200_seed4__4__1786827666,,,,,,,,
training_diagnostics_v1,6144,0.5654296875,0.33984375,0.330078125,0.35067319869995117,2.7400405406951904,ppo_baseline,PPO baseline,4,d0cdbe0eae3327affadf64e343d3519ee3e91fd82a805e833c9068c467b1af7c,False,C:\rl_projects\src\repos\rl-constrained-decision-making\runs\ConstrainedNavigation-v0__ppo_baseline_51200_seed4__4__1786827666,,,,,,,,
training_diagnostics_v1,7168,0.56640625,0.3583984375,0.3291015625,0.356922447681427,2.8540163040161133,ppo_baseline,PPO baseline,4,d0cdbe0eae3327affadf64e343d3519ee3e91fd82a805e833c9068c467b1af7c,False,C:\rl_projects\src\repos\rl-constrained-decision-making\runs\ConstrainedNavigation-v0__ppo_baseline_51200_seed4__4__1786827666,,,,,,,,
training_diagnostics_v1,8192,0.5869140625,0.3828125,0.3115234375,0.357884019613266,3.1268110275268555,ppo_baseline,PPO baseline,4,d0cdbe0eae3327affadf64e343d3519ee3e91fd82a805e833c9068c467b1af7c,False,C:\rl_projects\src\repos\rl-constrained-decision-making\runs\ConstrainedNavigation-v0__ppo_baseline_51200_seed4__4__1786827666,,,,,,,,
training_diagnostics_v1,9216,0.6025390625,0.390625,0.3330078125,0.4006645083427429,3.250887870788574,ppo_baseline,PPO baseline,4,d0cdbe0eae3327affadf64e343d3519ee3e91fd82a805e833c9068c467b1af7c,False,C:\rl_projects\src\repos\rl-constrained-decision-making\runs\ConstrainedNavigation-v0__ppo_baseline_51200_seed4__4__1786827666,,,,,,,,
training_diagnostics_v1,10240,0.619140625,0.40234375,0.3359375,0.4015556871891022,2.5013999938964844,ppo_baseline,PPO baseline,4,d0cdbe0eae3327affadf64e343d3519ee3e91fd82a805e833c9068c467b1af7c,False,C:\rl_projects\src\repos\rl-constrained-decision-making\runs\ConstrainedNavigation-v0__ppo_baseline_51200_seed4__4__1786827666,,,,,,,,
training_diagnostics_v1,11264,0.607421875,0.4296875,0.314453125,0.43075332045555115,2.8890647888183594,ppo_baseline,PPO baseline,4,d0cdbe0eae3327affadf64e343d3519ee3e91fd82a805e833c9068c467b1af7c,False,C:\rl_projects\src\repos\rl-constrained-decision-making\runs\ConstrainedNavigation-v0__ppo_baseline_51200_seed4__4__1786827666,,,,,,,,
training_diagnostics_v1,12288,0.5771484375,0.390625,0.3310546875,0.40205636620521545,2.913877248764038,ppo_baseline,PPO baseline,4,d0cdbe0eae3327affadf64e343d3519ee3e91fd82a805e833c9068c467b1af7c,False,C:\rl_projects\src\repos\rl-constrained-decision-making\runs\ConstrainedNavigation-v0__ppo_baseline_51200_seed4__4__1786827666,,,,,,,,
training_diagnostics_v1,13312,0.587890625,0.4072265625,0.322265625,0.40217190980911255,2.6764426231384277,ppo_baseline,PPO baseline,4,d0cdbe0eae3327affadf64e343d3519ee3e91fd82a805e833c9068c467b1af7c,False,C:\rl_projects\src\repos\rl-constrained-decision-making\runs\ConstrainedNavigation-v0__ppo_baseline_51200_seed4__4__1786827666,,,,,,,,
training_diagnostics_v1,14336,0.5830078125,0.4033203125,0.3125,0.3884580135345459,3.6523261070251465,ppo_baseline,PPO baseline,4,d0cdbe0eae3327affadf64e343d3519ee3e91fd82a805e833c9068c467b1af7c,False,C:\rl_projects\src\repos\rl-constrained-decision-making\runs\ConstrainedNavigation-v0__ppo_baseline_51200_seed4__4__1786827666,,,,,,,,
training_diagnostics_v1,15360,0.6396484375,0.4501953125,0.333984375,0.44357001781463623,2.7915029525756836,ppo_baseline,PPO baseline,4,d0cdbe0eae3327affadf64e343d3519ee3e91fd82a805e833c9068c467b1af7c,False,C:\rl_projects\src\repos\rl-constrained-decision-making\runs\ConstrainedNavigation-v0__ppo_baseline_51200_seed4__4__1786827666,,,,,,,,
training_diagnostics_v1,16384,0.6357421875,0.455078125,0.32421875,0.48358920216560364,2.973609685897827,ppo_baseline,PPO baseline,4,d0cdbe0eae3327affadf64e343d3519ee3e91fd82a805e833c9068c467b1af7c,False,C:\rl_projects\src\repos\rl-constrained-decision-making\runs\ConstrainedNavigation-v0__ppo_baseline_51200_seed4__4__1786827666,,,,,,,,
training_diagnostics_v1,17408,0.63671875,0.4736328125,0.3232421875,0.47846776247024536,3.0876266956329346,ppo_baseline,PPO baseline,4,d0cdbe0eae3327affadf64e343d3519ee3e91fd82a805e833c9068c467b1af7c,False,C:\rl_projects\src\repos\rl-constrained-decision-making\runs\ConstrainedNavigation-v0__ppo_baseline_51200_seed4__4__1786827666,,,,,,,,
training_diagnostics_v1,18432,0.6943359375,0.533203125,0.349609375,0.5702221989631653,4.522443771362305,ppo_baseline,PPO baseline,4,d0cdbe0eae3327affadf64e343d3519ee3e91fd82a805e833c9068c467b1af7c,False,C:\rl_projects\src\repos\rl-constrained-decision-making\runs\ConstrainedNavigation-v0__ppo_baseline_51200_seed4__4__1786827666,,,,,,,,
training_diagnostics_v1,19456,0.6826171875,0.560546875,0.2666015625,0.5766943097114563,2.794999837875366,ppo_baseline,PPO baseline,4,d0cdbe0eae3327affadf64e343d3519ee3e91fd82a805e833c9068c467b1af7c,False,C:\rl_projects\src\repos\rl-constrained-decision-making\runs\ConstrainedNavigation-v0__ppo_baseline_51200_seed4__4__1786827666,,,,,,,,
training_diagnostics_v1,20480,0.7041015625,0.5654296875,0.3349609375,0.5845842361450195,3.630922317504883,ppo_baseline,PPO baseline,4,d0cdbe0eae3327affadf64e343d3519ee3e91fd82a805e833c9068c467b1af7c,False,C:\rl_projects\src\repos\rl-constrained-decision-making\runs\ConstrainedNavigation-v0__ppo_baseline_51200_seed4__4__1786827666,,,,,,,,
training_diagnostics_v1,21504,0.72265625,0.5908203125,0.3232421875,0.6170091032981873,3.159480094909668,ppo_baseline,PPO baseline,4,d0cdbe0eae3327affadf64e343d3519ee3e91fd82a805e833c9068c467b1af7c,False,C:\rl_projects\src\repos\rl-constrained-decision-making\runs\ConstrainedNavigation-v0__ppo_baseline_51200_seed4__4__1786827666,,,,,,,,
training_diagnostics_v1,22528,0.74609375,0.619140625,0.3369140625,0.6354866027832031,3.4389750957489014,ppo_baseline,PPO baseline,4,d0cdbe0eae3327affadf64e343d3519ee3e91fd82a805e833c9068c467b1af7c,False,C:\rl_projects\src\repos\rl-constrained-decision-making\runs\ConstrainedNavigation-v0__ppo_baseline_51200_seed4__4__1786827666,,,,,,,,
training_diagnostics_v1,23552,0.751953125,0.6240234375,0.330078125,0.6350548267364502,3.0143494606018066,ppo_baseline,PPO baseline,4,d0cdbe0eae3327affadf64e343d3519ee3e91fd82a805e833c9068c467b1af7c,False,C:\rl_projects\src\repos\rl-constrained-decision-making\runs\ConstrainedNavigation-v0__ppo_baseline_51200_seed4__4__1786827666,,,,,,,,
training_diagnostics_v1,24576,0.7216796875,0.60546875,0.279296875,0.6425849199295044,3.45969295501709,ppo_baseline,PPO baseline,4,d0cdbe0eae3327affadf64e343d3519ee3e91fd82a805e833c9068c467b1af7c,False,C:\rl_projects\src\repos\rl-constrained-decision-making\runs\ConstrainedNavigation-v0__ppo_baseline_51200_seed4__4__1786827666,,,,,,,,
training_diagnostics_v1,25600,0.7158203125,0.6005859375,0.30078125,0.6065965890884399,3.772723913192749,ppo_baseline,PPO baseline,4,d0cdbe0eae3327affadf64e343d3519ee3e91fd82a805e833c9068c467b1af7c,False,C:\rl_projects\src\repos\rl-constrained-decision-making\runs\ConstrainedNavigation-v0__ppo_baseline_51200_seed4__4__1786827666,,,,,,,,
training_diagnostics_v1,26624,0.6923828125,0.568359375,0.3056640625,0.5578715801239014,3.645419120788574,ppo_baseline,PPO baseline,4,d0cdbe0eae3327affadf64e343d3519ee3e91fd82a805e833c9068c467b1af7c,False,C:\rl_projects\src\repos\rl-constrained-decision-making\runs\ConstrainedNavigation-v0__ppo_baseline_51200_seed4__4__1786827666,,,,,,,,
training_diagnostics_v1,27648,0.7001953125,0.53515625,0.3203125,0.5384150147438049,2.985875368118286,ppo_baseline,PPO baseline,4,d0cdbe0eae3327affadf64e343d3519ee3e91fd82a805e833c9068c467b1af7c,False,C:\rl_projects\src\repos\rl-constrained-decision-making\runs\ConstrainedNavigation-v0__ppo_baseline_51200_seed4__4__1786827666,,,,,,,,
training_diagnostics_v1,28672,0.69140625,0.5693359375,0.2890625,0.5943873524665833,4.043981075286865,ppo_baseline,PPO baseline,4,d0cdbe0eae3327affadf64e343d3519ee3e91fd82a805e833c9068c467b1af7c,False,C:\rl_projects\src\repos\rl-constrained-decision-making\runs\ConstrainedNavigation-v0__ppo_baseline_51200_seed4__4__1786827666,,,,,,,,
training_diagnostics_v1,29696,0.685546875,0.533203125,0.2998046875,0.5425395369529724,3.892895221710205,ppo_baseline,PPO baseline,4,d0cdbe0eae3327affadf64e343d3519ee3e91fd82a805e833c9068c467b1af7c,False,C:\rl_projects\src\repos\rl-constrained-decision-making\runs\ConstrainedNavigation-v0__ppo_baseline_51200_seed4__4__1786827666,,,,,,,,
training_diagnostics_v1,30720,0.6572265625,0.5068359375,0.30859375,0.47793105244636536,3.4309449195861816,ppo_baseline,PPO baseline,4,d0cdbe0eae3327affadf64e343d3519ee3e91fd82a805e833c9068c467b1af7c,False,C:\rl_projects\src\repos\rl-constrained-decision-making\runs\ConstrainedNavigation-v0__ppo_baseline_51200_seed4__4__1786827666,,,,,,,,
training_diagnostics_v1,31744,0.5947265625,0.443359375,0.279296875,0.4257985055446625,2.982145071029663,ppo_baseline,PPO baseline,4,d0cdbe0eae3327affadf64e343d3519ee3e91fd82a805e833c9068c467b1af7c,False,C:\rl_projects\src\repos\rl-constrained-decision-making\runs\ConstrainedNavigation-v0__ppo_baseline_51200_seed4__4__1786827666,,,,,,,,
training_diagnostics_v1,32768,0.61328125,0.4384765625,0.2919921875,0.4271968901157379,3.564720392227173,ppo_baseline,PPO baseline,4,d0cdbe0eae3327affadf64e343d3519ee3e91fd82a805e833c9068c467b1af7c,False,C:\rl_projects\src\repos\rl-constrained-decision-making\runs\ConstrainedNavigation-v0__ppo_baseline_51200_seed4__4__1786827666,,,,,,,,
training_diagnostics_v1,33792,0.6318359375,0.4697265625,0.2919921875,0.4637390375137329,3.154175281524658,ppo_baseline,PPO baseline,4,d0cdbe0eae3327affadf64e343d3519ee3e91fd82a805e833c9068c467b1af7c,False,C:\rl_projects\src\repos\rl-constrained-decision-making\runs\ConstrainedNavigation-v0__ppo_baseline_51200_seed4__4__1786827666,,,,,,,,
training_diagnostics_v1,34816,0.6416015625,0.4765625,0.322265625,0.4693531095981598,3.458193302154541,ppo_baseline,PPO baseline,4,d0cdbe0eae3327affadf64e343d3519ee3e91fd82a805e833c9068c467b1af7c,False,C:\rl_projects\src\repos\rl-constrained-decision-making\runs\ConstrainedNavigation-v0__ppo_baseline_51200_seed4__4__1786827666,,,,,,,,
training_diagnostics_v1,35840,0.6025390625,0.4306640625,0.3134765625,0.43281790614128113,2.46187686920166,ppo_baseline,PPO baseline,4,d0cdbe0eae3327affadf64e343d3519ee3e91fd82a805e833c9068c467b1af7c,False,C:\rl_projects\src\repos\rl-constrained-decision-making\runs\ConstrainedNavigation-v0__ppo_baseline_51200_seed4__4__1786827666,,,,,,,,
training_diagnostics_v1,36864,0.5908203125,0.419921875,0.2939453125,0.38480040431022644,2.653174877166748,ppo_baseline,PPO baseline,4,d0cdbe0eae3327affadf64e343d3519ee3e91fd82a805e833c9068c467b1af7c,False,C:\rl_projects\src\repos\rl-constrained-decision-making\runs\ConstrainedNavigation-v0__ppo_baseline_51200_seed4__4__1786827666,,,,,,,,
training_diagnostics_v1,37888,0.5712890625,0.3984375,0.2841796875,0.37576940655708313,3.116008996963501,ppo_baseline,PPO baseline,4,d0cdbe0eae3327affadf64e343d3519ee3e91fd82a805e833c9068c467b1af7c,False,C:\rl_projects\src\repos\rl-constrained-decision-making\runs\ConstrainedNavigation-v0__ppo_baseline_51200_seed4__4__1786827666,,,,,,,,
training_diagnostics_v1,38912,0.583984375,0.4072265625,0.3037109375,0.38648954033851624,3.3080053329467773,ppo_baseline,PPO baseline,4,d0cdbe0eae3327affadf64e343d3519ee3e91fd82a805e833c9068c467b1af7c,False,C:\rl_projects\src\repos\rl-constrained-decision-making\runs\ConstrainedNavigation-v0__ppo_baseline_51200_seed4__4__1786827666,,,,,,,,
training_diagnostics_v1,39936,0.5751953125,0.3935546875,0.2978515625,0.34417057037353516,2.9243743419647217,ppo_baseline,PPO baseline,4,d0cdbe0eae3327affadf64e343d3519ee3e91fd82a805e833c9068c467b1af7c,False,C:\rl_projects\src\repos\rl-constrained-decision-making\runs\ConstrainedNavigation-v0__ppo_baseline_51200_seed4__4__1786827666,,,,,,,,
training_diagnostics_v1,40960,0.560546875,0.357421875,0.318359375,0.3497258424758911,2.994335651397705,ppo_baseline,PPO baseline,4,d0cdbe0eae3327affadf64e343d3519ee3e91fd82a805e833c9068c467b1af7c,False,C:\rl_projects\src\repos\rl-constrained-decision-making\runs\ConstrainedNavigation-v0__ppo_baseline_51200_seed4__4__1786827666,,,,,,,,
training_diagnostics_v1,41984,0.607421875,0.4140625,0.3232421875,0.3767237961292267,2.2372889518737793,ppo_baseline,PPO baseline,4,d0cdbe0eae3327affadf64e343d3519ee3e91fd82a805e833c9068c467b1af7c,False,C:\rl_projects\src\repos\rl-constrained-decision-making\runs\ConstrainedNavigation-v0__ppo_baseline_51200_seed4__4__1786827666,,,,,,,,
training_diagnostics_v1,43008,0.58203125,0.3828125,0.3056640625,0.35340017080307007,3.2804625034332275,ppo_baseline,PPO baseline,4,d0cdbe0eae3327affadf64e343d3519ee3e91fd82a805e833c9068c467b1af7c,False,C:\rl_projects\src\repos\rl-constrained-decision-making\runs\ConstrainedNavigation-v0__ppo_baseline_51200_seed4__4__1786827666,,,,,,,,
training_diagnostics_v1,44032,0.5546875,0.3427734375,0.310546875,0.322438508272171,2.9489705562591553,ppo_baseline,PPO baseline,4,d0cdbe0eae3327affadf64e343d3519ee3e91fd82a805e833c9068c467b1af7c,False,C:\rl_projects\src\repos\rl-constrained-decision-making\runs\ConstrainedNavigation-v0__ppo_baseline_51200_seed4__4__1786827666,,,,,,,,
training_diagnostics_v1,45056,0.5771484375,0.388671875,0.298828125,0.341752290725708,2.8622868061065674,ppo_baseline,PPO baseline,4,d0cdbe0eae3327affadf64e343d3519ee3e91fd82a805e833c9068c467b1af7c,False,C:\rl_projects\src\repos\rl-constrained-decision-making\runs\ConstrainedNavigation-v0__ppo_baseline_51200_seed4__4__1786827666,,,,,,,,
training_diagnostics_v1,46080,0.5576171875,0.359375,0.310546875,0.3358958661556244,3.029599905014038,ppo_baseline,PPO baseline,4,d0cdbe0eae3327affadf64e343d3519ee3e91fd82a805e833c9068c467b1af7c,False,C:\rl_projects\src\repos\rl-constrained-decision-making\runs\ConstrainedNavigation-v0__ppo_baseline_51200_seed4__4__1786827666,,,,,,,,
training_diagnostics_v1,47104,0.564453125,0.3955078125,0.2919921875,0.3366457521915436,3.106173038482666,ppo_baseline,PPO baseline,4,d0cdbe0eae3327affadf64e343d3519ee3e91fd82a805e833c9068c467b1af7c,False,C:\rl_projects\src\repos\rl-constrained-decision-making\runs\ConstrainedNavigation-v0__ppo_baseline_51200_seed4__4__1786827666,,,,,,,,
training_diagnostics_v1,48128,0.552734375,0.36328125,0.3076171875,0.34045711159706116,2.6770007610321045,ppo_baseline,PPO baseline,4,d0cdbe0eae3327affadf64e343d3519ee3e91fd82a805e833c9068c467b1af7c,False,C:\rl_projects\src\repos\rl-constrained-decision-making\runs\ConstrainedNavigation-v0__ppo_baseline_51200_seed4__4__1786827666,,,,,,,,
training_diagnostics_v1,49152,0.5625,0.3623046875,0.3232421875,0.3337268829345703,3.147534132003784,ppo_baseline,PPO baseline,4,d0cdbe0eae3327affadf64e343d3519ee3e91fd82a805e833c9068c467b1af7c,False,C:\rl_projects\src\repos\rl-constrained-decision-making\runs\ConstrainedNavigation-v0__ppo_baseline_51200_seed4__4__1786827666,,,,,,,,
training_diagnostics_v1,50176,0.5146484375,0.330078125,0.279296875,0.32787296175956726,2.3594584465026855,ppo_baseline,PPO baseline,4,d0cdbe0eae3327affadf64e343d3519ee3e91fd82a805e833c9068c467b1af7c,False,C:\rl_projects\src\repos\rl-constrained-decision-making\runs\ConstrainedNavigation-v0__ppo_baseline_51200_seed4__4__1786827666,,,,,,,,
training_diagnostics_v1,51200,0.556640625,0.353515625,0.2998046875,0.33684128522872925,2.5431711673736572,ppo_baseline,PPO baseline,4,d0cdbe0eae3327affadf64e343d3519ee3e91fd82a805e833c9068c467b1af7c,False,C:\rl_projects\src\repos\rl-constrained-decision-making\runs\ConstrainedNavigation-v0__ppo_baseline_51200_seed4__4__1786827666,,,,,,,,
training_diagnostics_v1,1024,0.5400390625,0.33984375,0.306640625,0.32807567715644836,2.6425888538360596,ppo_baseline,PPO baseline,5,c7238f982b6e88a89665a3aced8c737fb05966ff76f926fe7592d6e0924664e1,False,C:\rl_projects\src\repos\rl-constrained-decision-making\runs\ConstrainedNavigation-v0__ppo_baseline_51200_seed5__5__1786828518,,,,,,,,
training_diagnostics_v1,2048,0.537109375,0.322265625,0.3056640625,0.3102475702762604,2.504347801208496,ppo_baseline,PPO baseline,5,c7238f982b6e88a89665a3aced8c737fb05966ff76f926fe7592d6e0924664e1,False,C:\rl_projects\src\repos\rl-constrained-decision-making\runs\ConstrainedNavigation-v0__ppo_baseline_51200_seed5__5__1786828518,,,,,,,,
training_diagnostics_v1,3072,0.5234375,0.3095703125,0.3203125,0.3101257383823395,2.475313425064087,ppo_baseline,PPO baseline,5,c7238f982b6e88a89665a3aced8c737fb05966ff76f926fe7592d6e0924664e1,False,C:\rl_projects\src\repos\rl-constrained-decision-making\runs\ConstrainedNavigation-v0__ppo_baseline_51200_seed5__5__1786828518,,,,,,,,
training_diagnostics_v1,4096,0.5361328125,0.314453125,0.3154296875,0.30321118235588074,2.66483998298645,ppo_baseline,PPO baseline,5,c7238f982b6e88a89665a3aced8c737fb05966ff76f926fe7592d6e0924664e1,False,C:\rl_projects\src\repos\rl-constrained-decision-making\runs\ConstrainedNavigation-v0__ppo_baseline_51200_seed5__5__1786828518,,,,,,,,
training_diagnostics_v1,5120,0.5380859375,0.3193359375,0.3212890625,0.3143656551837921,3.1621816158294678,ppo_baseline,PPO baseline,5,c7238f982b6e88a89665a3aced8c737fb05966ff76f926fe7592d6e0924664e1,False,C:\rl_projects\src\repos\rl-constrained-decision-making\runs\ConstrainedNavigation-v0__ppo_baseline_51200_seed5__5__1786828518,,,,,,,,
training_diagnostics_v1,6144,0.5380859375,0.3017578125,0.341796875,0.32862016558647156,2.707416296005249,ppo_baseline,PPO baseline,5,c7238f982b6e88a89665a3aced8c737fb05966ff76f926fe7592d6e0924664e1,False,C:\rl_projects\src\repos\rl-constrained-decision-making\runs\ConstrainedNavigation-v0__ppo_baseline_51200_seed5__5__1786828518,,,,,,,,
training_diagnostics_v1,7168,0.5556640625,0.3330078125,0.3447265625,0.3452950417995453,2.7175862789154053,ppo_baseline,PPO baseline,5,c7238f982b6e88a89665a3aced8c737fb05966ff76f926fe7592d6e0924664e1,False,C:\rl_projects\src\repos\rl-constrained-decision-making\runs\ConstrainedNavigation-v0__ppo_baseline_51200_seed5__5__1786828518,,,,,,,,
training_diagnostics_v1,8192,0.5849609375,0.3505859375,0.3544921875,0.3684203028678894,2.4627201557159424,ppo_baseline,PPO baseline,5,c7238f982b6e88a89665a3aced8c737fb05966ff76f926fe7592d6e0924664e1,False,C:\rl_projects\src\repos\rl-constrained-decision-making\runs\ConstrainedNavigation-v0__ppo_baseline_51200_seed5__5__1786828518,,,,,,,,
training_diagnostics_v1,9216,0.5859375,0.3720703125,0.3291015625,0.36976778507232666,2.951042652130127,ppo_baseline,PPO baseline,5,c7238f982b6e88a89665a3aced8c737fb05966ff76f926fe7592d6e0924664e1,False,C:\rl_projects\src\repos\rl-constrained-decision-making\runs\ConstrainedNavigation-v0__ppo_baseline_51200_seed5__5__1786828518,,,,,,,,
training_diagnostics_v1,10240,0.60546875,0.3828125,0.3603515625,0.4284350275993347,2.6944098472595215,ppo_baseline,PPO baseline,5,c7238f982b6e88a89665a3aced8c737fb05966ff76f926fe7592d6e0924664e1,False,C:\rl_projects\src\repos\rl-constrained-decision-making\runs\ConstrainedNavigation-v0__ppo_baseline_51200_seed5__5__1786828518,,,,,,,,
training_diagnostics_v1,11264,0.591796875,0.390625,0.3359375,0.3978351950645447,4.064252853393555,ppo_baseline,PPO baseline,5,c7238f982b6e88a89665a3aced8c737fb05966ff76f926fe7592d6e0924664e1,False,C:\rl_projects\src\repos\rl-constrained-decision-making\runs\ConstrainedNavigation-v0__ppo_baseline_51200_seed5__5__1786828518,,,,,,,,
training_diagnostics_v1,12288,0.5791015625,0.3828125,0.330078125,0.3778667747974396,2.6965956687927246,ppo_baseline,PPO baseline,5,c7238f982b6e88a89665a3aced8c737fb05966ff76f926fe7592d6e0924664e1,False,C:\rl_projects\src\repos\rl-constrained-decision-making\runs\ConstrainedNavigation-v0__ppo_baseline_51200_seed5__5__1786828518,,,,,,,,
training_diagnostics_v1,13312,0.6298828125,0.41796875,0.3662109375,0.43600261211395264,3.0127010345458984,ppo_baseline,PPO baseline,5,c7238f982b6e88a89665a3aced8c737fb05966ff76f926fe7592d6e0924664e1,False,C:\rl_projects\src\repos\rl-constrained-decision-making\runs\ConstrainedNavigation-v0__ppo_baseline_51200_seed5__5__1786828518,,,,,,,,
training_diagnostics_v1,14336,0.6220703125,0.4013671875,0.3828125,0.4391317665576935,3.2838523387908936,ppo_baseline,PPO baseline,5,c7238f982b6e88a89665a3aced8c737fb05966ff76f926fe7592d6e0924664e1,False,C:\rl_projects\src\repos\rl-constrained-decision-making\runs\ConstrainedNavigation-v0__ppo_baseline_51200_seed5__5__1786828518,,,,,,,,
training_diagnostics_v1,15360,0.6396484375,0.3818359375,0.4033203125,0.4591844975948334,2.8408477306365967,ppo_baseline,PPO baseline,5,c7238f982b6e88a89665a3aced8c737fb05966ff76f926fe7592d6e0924664e1,False,C:\rl_projects\src\repos\rl-constrained-decision-making\runs\ConstrainedNavigation-v0__ppo_baseline_51200_seed5__5__1786828518,,,,,,,,
training_diagnostics_v1,16384,0.654296875,0.4228515625,0.392578125,0.4824844002723694,2.93947696685791,ppo_baseline,PPO baseline,5,c7238f982b6e88a89665a3aced8c737fb05966ff76f926fe7592d6e0924664e1,False,C:\rl_projects\src\repos\rl-constrained-decision-making\runs\ConstrainedNavigation-v0__ppo_baseline_51200_seed5__5__1786828518,,,,,,,,
training_diagnostics_v1,17408,0.61328125,0.4248046875,0.3310546875,0.42189714312553406,3.0327658653259277,ppo_baseline,PPO baseline,5,c7238f982b6e88a89665a3aced8c737fb05966ff76f926fe7592d6e0924664e1,False,C:\rl_projects\src\repos\rl-constrained-decision-making\runs\ConstrainedNavigation-v0__ppo_baseline_51200_seed5__5__1786828518,,,,,,,,
training_diagnostics_v1,18432,0.6455078125,0.4541015625,0.328125,0.46549534797668457,3.4072656631469727,ppo_baseline,PPO baseline,5,c7238f982b6e88a89665a3aced8c737fb05966ff76f926fe7592d6e0924664e1,False,C:\rl_projects\src\repos\rl-constrained-decision-making\runs\ConstrainedNavigation-v0__ppo_baseline_51200_seed5__5__1786828518,,,,,,,,
training_diagnostics_v1,19456,0.642578125,0.462890625,0.3291015625,0.4648929536342621,2.927809238433838,ppo_baseline,PPO baseline,5,c7238f982b6e88a89665a3aced8c737fb05966ff76f926fe7592d6e0924664e1,False,C:\rl_projects\src\repos\rl-constrained-decision-making\runs\ConstrainedNavigation-v0__ppo_baseline_51200_seed5__5__1786828518,,,,,,,,
training_diagnostics_v1,20480,0.7109375,0.552734375,0.3505859375,0.5454596281051636,2.9888765811920166,ppo_baseline,PPO baseline,5,c7238f982b6e88a89665a3aced8c737fb05966ff76f926fe7592d6e0924664e1,False,C:\rl_projects\src\repos\rl-constrained-decision-making\runs\ConstrainedNavigation-v0__ppo_baseline_51200_seed5__5__1786828518,,,,,,,,
training_diagnostics_v1,21504,0.7138671875,0.5458984375,0.3583984375,0.5698975920677185,3.3537073135375977,ppo_baseline,PPO baseline,5,c7238f982b6e88a89665a3aced8c737fb05966ff76f926fe7592d6e0924664e1,False,C:\rl_projects\src\repos\rl-constrained-decision-making\runs\ConstrainedNavigation-v0__ppo_baseline_51200_seed5__5__1786828518,,,,,,,,
training_diagnostics_v1,22528,0.7099609375,0.5615234375,0.365234375,0.6195672154426575,3.532505989074707,ppo_baseline,PPO baseline,5,c7238f982b6e88a89665a3aced8c737fb05966ff76f926fe7592d6e0924664e1,False,C:\rl_projects\src\repos\rl-constrained-decision-making\runs\ConstrainedNavigation-v0__ppo_baseline_51200_seed5__5__1786828518,,,,,,,,
training_diagnostics_v1,23552,0.7099609375,0.572265625,0.33984375,0.6254522800445557,2.9367432594299316,ppo_baseline,PPO baseline,5,c7238f982b6e88a89665a3aced8c737fb05966ff76f926fe7592d6e0924664e1,False,C:\rl_projects\src\repos\rl-constrained-decision-making\runs\ConstrainedNavigation-v0__ppo_baseline_51200_seed5__5__1786828518,,,,,,,,
training_diagnostics_v1,24576,0.6982421875,0.541015625,0.3408203125,0.5641274452209473,2.959125280380249,ppo_baseline,PPO baseline,5,c7238f982b6e88a89665a3aced8c737fb05966ff76f926fe7592d6e0924664e1,False,C:\rl_projects\src\repos\rl-constrained-decision-making\runs\ConstrainedNavigation-v0__ppo_baseline_51200_seed5__5__1786828518,,,,,,,,
training_diagnostics_v1,25600,0.697265625,0.5458984375,0.341796875,0.5551292896270752,3.044772148132324,ppo_baseline,PPO baseline,5,c7238f982b6e88a89665a3aced8c737fb05966ff76f926fe7592d6e0924664e1,False,C:\rl_projects\src\repos\rl-constrained-decision-making\runs\ConstrainedNavigation-v0__ppo_baseline_51200_seed5__5__1786828518,,,,,,,,
training_diagnostics_v1,26624,0.6513671875,0.48828125,0.318359375,0.4999941289424896,3.427328586578369,ppo_baseline,PPO baseline,5,c7238f982b6e88a89665a3aced8c737fb05966ff76f926fe7592d6e0924664e1,False,C:\rl_projects\src\repos\rl-constrained-decision-making\runs\ConstrainedNavigation-v0__ppo_baseline_51200_seed5__5__1786828518,,,,,,,,
training_diagnostics_v1,27648,0.6923828125,0.5419921875,0.3203125,0.5920459628105164,3.820993423461914,ppo_baseline,PPO baseline,5,c7238f982b6e88a89665a3aced8c737fb05966ff76f926fe7592d6e0924664e1,False,C:\rl_projects\src\repos\rl-constrained-decision-making\runs\ConstrainedNavigation-v0__ppo_baseline_51200_seed5__5__1786828518,,,,,,,,
training_diagnostics_v1,28672,0.7041015625,0.5546875,0.349609375,0.6047109365463257,3.4244613647460938,ppo_baseline,PPO baseline,5,c7238f982b6e88a89665a3aced8c737fb05966ff76f926fe7592d6e0924664e1,False,C:\rl_projects\src\repos\rl-constrained-decision-making\runs\ConstrainedNavigation-v0__ppo_baseline_51200_seed5__5__1786828518,,,,,,,,
training_diagnostics_v1,29696,0.7392578125,0.595703125,0.333984375,0.6490115523338318,3.455671787261963,ppo_baseline,PPO baseline,5,c7238f982b6e88a89665a3aced8c737fb05966ff76f926fe7592d6e0924664e1,False,C:\rl_projects\src\repos\rl-constrained-decision-making\runs\ConstrainedNavigation-v0__ppo_baseline_51200_seed5__5__1786828518,,,,,,,,
training_diagnostics_v1,30720,0.763671875,0.6259765625,0.3466796875,0.6952605247497559,3.960153579711914,ppo_baseline,PPO baseline,5,c7238f982b6e88a89665a3aced8c737fb05966ff76f926fe7592d6e0924664e1,False,C:\rl_projects\src\repos\rl-constrained-decision-making\runs\ConstrainedNavigation-v0__ppo_baseline_51200_seed5__5__1786828518,,,,,,,,
training_diagnostics_v1,31744,0.76171875,0.6259765625,0.353515625,0.7263972163200378,3.6707372665405273,ppo_baseline,PPO baseline,5,c7238f982b6e88a89665a3aced8c737fb05966ff76f926fe7592d6e0924664e1,False,C:\rl_projects\src\repos\rl-constrained-decision-making\runs\ConstrainedNavigation-v0__ppo_baseline_51200_seed5__5__1786828518,,,,,,,,
training_diagnostics_v1,32768,0.7294921875,0.6201171875,0.302734375,0.6550376415252686,3.172139883041382,ppo_baseline,PPO baseline,5,c7238f982b6e88a89665a3aced8c737fb05966ff76f926fe7592d6e0924664e1,False,C:\rl_projects\src\repos\rl-constrained-decision-making\runs\ConstrainedNavigation-v0__ppo_baseline_51200_seed5__5__1786828518,,,,,,,,
training_diagnostics_v1,33792,0.765625,0.65234375,0.306640625,0.7426003813743591,3.553636312484741,ppo_baseline,PPO baseline,5,c7238f982b6e88a89665a3aced8c737fb05966ff76f926fe7592d6e0924664e1,False,C:\rl_projects\src\repos\rl-constrained-decision-making\runs\ConstrainedNavigation-v0__ppo_baseline_51200_seed5__5__1786828518,,,,,,,,
training_diagnostics_v1,34816,0.7685546875,0.6650390625,0.333984375,0.7177404165267944,3.677886486053467,ppo_baseline,PPO baseline,5,c7238f982b6e88a89665a3aced8c737fb05966ff76f926fe7592d6e0924664e1,False,C:\rl_projects\src\repos\rl-constrained-decision-making\runs\ConstrainedNavigation-v0__ppo_baseline_51200_seed5__5__1786828518,,,,,,,,
training_diagnostics_v1,35840,0.7373046875,0.625,0.296875,0.6773512363433838,3.479945182800293,ppo_baseline,PPO baseline,5,c7238f982b6e88a89665a3aced8c737fb05966ff76f926fe7592d6e0924664e1,False,C:\rl_projects\src\repos\rl-constrained-decision-making\runs\ConstrainedNavigation-v0__ppo_baseline_51200_seed5__5__1786828518,,,,,,,,
training_diagnostics_v1,36864,0.7373046875,0.6123046875,0.310546875,0.6527535319328308,3.6554484367370605,ppo_baseline,PPO baseline,5,c7238f982b6e88a89665a3aced8c737fb05966ff76f926fe7592d6e0924664e1,False,C:\rl_projects\src\repos\rl-constrained-decision-making\runs\ConstrainedNavigation-v0__ppo_baseline_51200_seed5__5__1786828518,,,,,,,,
training_diagnostics_v1,37888,0.744140625,0.64453125,0.2998046875,0.6814409494400024,3.550830841064453,ppo_baseline,PPO baseline,5,c7238f982b6e88a89665a3aced8c737fb05966ff76f926fe7592d6e0924664e1,False,C:\rl_projects\src\repos\rl-constrained-decision-making\runs\ConstrainedNavigation-v0__ppo_baseline_51200_seed5__5__1786828518,,,,,,,,
training_diagnostics_v1,38912,0.7333984375,0.6328125,0.30078125,0.6746690273284912,3.276369333267212,ppo_baseline,PPO baseline,5,c7238f982b6e88a89665a3aced8c737fb05966ff76f926fe7592d6e0924664e1,False,C:\rl_projects\src\repos\rl-constrained-decision-making\runs\ConstrainedNavigation-v0__ppo_baseline_51200_seed5__5__1786828518,,,,,,,,
training_diagnostics_v1,39936,0.7470703125,0.6484375,0.2822265625,0.702210009098053,4.103667736053467,ppo_baseline,PPO baseline,5,c7238f982b6e88a89665a3aced8c737fb05966ff76f926fe7592d6e0924664e1,False,C:\rl_projects\src\repos\rl-constrained-decision-making\runs\ConstrainedNavigation-v0__ppo_baseline_51200_seed5__5__1786828518,,,,,,,,
training_diagnostics_v1,40960,0.78125,0.6943359375,0.2861328125,0.7710326910018921,3.269059896469116,ppo_baseline,PPO baseline,5,c7238f982b6e88a89665a3aced8c737fb05966ff76f926fe7592d6e0924664e1,False,C:\rl_projects\src\repos\rl-constrained-decision-making\runs\ConstrainedNavigation-v0__ppo_baseline_51200_seed5__5__1786828518,,,,,,,,
training_diagnostics_v1,41984,0.78125,0.6875,0.3291015625,0.7825619578361511,4.059349536895752,ppo_baseline,PPO baseline,5,c7238f982b6e88a89665a3aced8c737fb05966ff76f926fe7592d6e0924664e1,False,C:\rl_projects\src\repos\rl-constrained-decision-making\runs\ConstrainedNavigation-v0__ppo_baseline_51200_seed5__5__1786828518,,,,,,,,
training_diagnostics_v1,43008,0.787109375,0.6640625,0.3408203125,0.7234650254249573,3.9353251457214355,ppo_baseline,PPO baseline,5,c7238f982b6e88a89665a3aced8c737fb05966ff76f926fe7592d6e0924664e1,False,C:\rl_projects\src\repos\rl-constrained-decision-making\runs\ConstrainedNavigation-v0__ppo_baseline_51200_seed5__5__1786828518,,,,,,,,
training_diagnostics_v1,44032,0.7529296875,0.6328125,0.31640625,0.6687697768211365,3.398911714553833,ppo_baseline,PPO baseline,5,c7238f982b6e88a89665a3aced8c737fb05966ff76f926fe7592d6e0924664e1,False,C:\rl_projects\src\repos\rl-constrained-decision-making\runs\ConstrainedNavigation-v0__ppo_baseline_51200_seed5__5__1786828518,,,,,,,,
training_diagnostics_v1,45056,0.7421875,0.63671875,0.32421875,0.6683265566825867,3.4701919555664062,ppo_baseline,PPO baseline,5,c7238f982b6e88a89665a3aced8c737fb05966ff76f926fe7592d6e0924664e1,False,C:\rl_projects\src\repos\rl-constrained-decision-making\runs\ConstrainedNavigation-v0__ppo_baseline_51200_seed5__5__1786828518,,,,,,,,
training_diagnostics_v1,46080,0.7568359375,0.6318359375,0.3134765625,0.6861217617988586,3.5366549491882324,ppo_baseline,PPO baseline,5,c7238f982b6e88a89665a3aced8c737fb05966ff76f926fe7592d6e0924664e1,False,C:\rl_projects\src\repos\rl-constrained-decision-making\runs\ConstrainedNavigation-v0__ppo_baseline_51200_seed5__5__1786828518,,,,,,,,
training_diagnostics_v1,47104,0.7177734375,0.6083984375,0.3056640625,0.6287773251533508,3.577266216278076,ppo_baseline,PPO baseline,5,c7238f982b6e88a89665a3aced8c737fb05966ff76f926fe7592d6e0924664e1,False,C:\rl_projects\src\repos\rl-constrained-decision-making\runs\ConstrainedNavigation-v0__ppo_baseline_51200_seed5__5__1786828518,,,,,,,,
training_diagnostics_v1,48128,0.7333984375,0.6142578125,0.302734375,0.6301769018173218,3.152459144592285,ppo_baseline,PPO baseline,5,c7238f982b6e88a89665a3aced8c737fb05966ff76f926fe7592d6e0924664e1,False,C:\rl_projects\src\repos\rl-constrained-decision-making\runs\ConstrainedNavigation-v0__ppo_baseline_51200_seed5__5__1786828518,,,,,,,,
training_diagnostics_v1,49152,0.73828125,0.6103515625,0.3125,0.6482508182525635,3.6850414276123047,ppo_baseline,PPO baseline,5,c7238f982b6e88a89665a3aced8c737fb05966ff76f926fe7592d6e0924664e1,False,C:\rl_projects\src\repos\rl-constrained-decision-making\runs\ConstrainedNavigation-v0__ppo_baseline_51200_seed5__5__1786828518,,,,,,,,
training_diagnostics_v1,50176,0.72265625,0.6083984375,0.3056640625,0.647022545337677,4.0081353187561035,ppo_baseline,PPO baseline,5,c7238f982b6e88a89665a3aced8c737fb05966ff76f926fe7592d6e0924664e1,False,C:\rl_projects\src\repos\rl-constrained-decision-making\runs\ConstrainedNavigation-v0__ppo_baseline_51200_seed5__5__1786828518,,,,,,,,
training_diagnostics_v1,51200,0.7236328125,0.6123046875,0.287109375,0.650461733341217,3.7245442867279053,ppo_baseline,PPO baseline,5,c7238f982b6e88a89665a3aced8c737fb05966ff76f926fe7592d6e0924664e1,False,C:\rl_projects\src\repos\rl-constrained-decision-making\runs\ConstrainedNavigation-v0__ppo_baseline_51200_seed5__5__1786828518,,,,,,,,
training_diagnostics_v1,1024,0.5283203125,0.3134765625,0.314453125,0.29905596375465393,3.1812820434570312,ppo_high_penalty,PPO high penalty,1,f946099fe7e2006e7a6b1a59938504d3e9d7e397fcb8eed0c86e6acc71637c88,False,C:\rl_projects\src\repos\rl-constrained-decision-making\runs\ConstrainedNavigation-v0__ppo_high_penalty_51200_seed1__1__1786675688,,,,,,,,
training_diagnostics_v1,2048,0.533203125,0.3134765625,0.314453125,0.3106509745121002,3.017630100250244,ppo_high_penalty,PPO high penalty,1,f946099fe7e2006e7a6b1a59938504d3e9d7e397fcb8eed0c86e6acc71637c88,False,C:\rl_projects\src\repos\rl-constrained-decision-making\runs\ConstrainedNavigation-v0__ppo_high_penalty_51200_seed1__1__1786675688,,,,,,,,
training_diagnostics_v1,3072,0.5634765625,0.3408203125,0.314453125,0.33338499069213867,2.4507551193237305,ppo_high_penalty,PPO high penalty,1,f946099fe7e2006e7a6b1a59938504d3e9d7e397fcb8eed0c86e6acc71637c88,False,C:\rl_projects\src\repos\rl-constrained-decision-making\runs\ConstrainedNavigation-v0__ppo_high_penalty_51200_seed1__1__1786675688,,,,,,,,
training_diagnostics_v1,4096,0.5419921875,0.3056640625,0.33203125,0.3107779920101166,2.432563543319702,ppo_high_penalty,PPO high penalty,1,f946099fe7e2006e7a6b1a59938504d3e9d7e397fcb8eed0c86e6acc71637c88,False,C:\rl_projects\src\repos\rl-constrained-decision-making\runs\ConstrainedNavigation-v0__ppo_high_penalty_51200_seed1__1__1786675688,,,,,,,,
training_diagnostics_v1,5120,0.5322265625,0.2919921875,0.33203125,0.3085044324398041,2.624891519546509,ppo_high_penalty,PPO high penalty,1,f946099fe7e2006e7a6b1a59938504d3e9d7e397fcb8eed0c86e6acc71637c88,False,C:\rl_projects\src\repos\rl-constrained-decision-making\runs\ConstrainedNavigation-v0__ppo_high_penalty_51200_seed1__1__1786675688,,,,,,,,
training_diagnostics_v1,6144,0.546875,0.31640625,0.3369140625,0.3354407548904419,3.065354824066162,ppo_high_penalty,PPO high penalty,1,f946099fe7e2006e7a6b1a59938504d3e9d7e397fcb8eed0c86e6acc71637c88,False,C:\rl_projects\src\repos\rl-constrained-decision-making\runs\ConstrainedNavigation-v0__ppo_high_penalty_51200_seed1__1__1786675688,,,,,,,,
training_diagnostics_v1,7168,0.50390625,0.283203125,0.3134765625,0.29090073704719543,2.571096658706665,ppo_high_penalty,PPO high penalty,1,f946099fe7e2006e7a6b1a59938504d3e9d7e397fcb8eed0c86e6acc71637c88,False,C:\rl_projects\src\repos\rl-constrained-decision-making\runs\ConstrainedNavigation-v0__ppo_high_penalty_51200_seed1__1__1786675688,,,,,,,,
training_diagnostics_v1,8192,0.5732421875,0.3447265625,0.3466796875,0.33075904846191406,2.7406134605407715,ppo_high_penalty,PPO high penalty,1,f946099fe7e2006e7a6b1a59938504d3e9d7e397fcb8eed0c86e6acc71637c88,False,C:\rl_projects\src\repos\rl-constrained-decision-making\runs\ConstrainedNavigation-v0__ppo_high_penalty_51200_seed1__1__1786675688,,,,,,,,
training_diagnostics_v1,9216,0.5595703125,0.314453125,0.34765625,0.32474634051322937,2.8752589225769043,ppo_high_penalty,PPO high penalty,1,f946099fe7e2006e7a6b1a59938504d3e9d7e397fcb8eed0c86e6acc71637c88,False,C:\rl_projects\src\repos\rl-constrained-decision-making\runs\ConstrainedNavigation-v0__ppo_high_penalty_51200_seed1__1__1786675688,,,,,,,,
training_diagnostics_v1,10240,0.5615234375,0.314453125,0.357421875,0.33465269207954407,3.091104030609131,ppo_high_penalty,PPO high penalty,1,f946099fe7e2006e7a6b1a59938504d3e9d7e397fcb8eed0c86e6acc71637c88,False,C:\rl_projects\src\repos\rl-constrained-decision-making\runs\ConstrainedNavigation-v0__ppo_high_penalty_51200_seed1__1__1786675688,,,,,,,,
training_diagnostics_v1,11264,0.5322265625,0.2900390625,0.353515625,0.3478296101093292,2.5627923011779785,ppo_high_penalty,PPO high penalty,1,f946099fe7e2006e7a6b1a59938504d3e9d7e397fcb8eed0c86e6acc71637c88,False,C:\rl_projects\src\repos\rl-constrained-decision-making\runs\ConstrainedNavigation-v0__ppo_high_penalty_51200_seed1__1__1786675688,,,,,,,,
training_diagnostics_v1,12288,0.5888671875,0.37109375,0.3330078125,0.3832221031188965,3.094398021697998,ppo_high_penalty,PPO high penalty,1,f946099fe7e2006e7a6b1a59938504d3e9d7e397fcb8eed0c86e6acc71637c88,False,C:\rl_projects\src\repos\rl-constrained-decision-making\runs\ConstrainedNavigation-v0__ppo_high_penalty_51200_seed1__1__1786675688,,,,,,,,
training_diagnostics_v1,13312,0.59375,0.361328125,0.36328125,0.4044390916824341,3.119610548019409,ppo_high_penalty,PPO high penalty,1,f946099fe7e2006e7a6b1a59938504d3e9d7e397fcb8eed0c86e6acc71637c88,False,C:\rl_projects\src\repos\rl-constrained-decision-making\runs\ConstrainedNavigation-v0__ppo_high_penalty_51200_seed1__1__1786675688,,,,,,,,
training_diagnostics_v1,14336,0.6455078125,0.42578125,0.3720703125,0.4671282172203064,5.011015892028809,ppo_high_penalty,PPO high penalty,1,f946099fe7e2006e7a6b1a59938504d3e9d7e397fcb8eed0c86e6acc71637c88,False,C:\rl_projects\src\repos\rl-constrained-decision-making\runs\ConstrainedNavigation-v0__ppo_high_penalty_51200_seed1__1__1786675688,,,,,,,,
training_diagnostics_v1,15360,0.58984375,0.3427734375,0.3671875,0.41304266452789307,3.2750444412231445,ppo_high_penalty,PPO high penalty,1,f946099fe7e2006e7a6b1a59938504d3e9d7e397fcb8eed0c86e6acc71637c88,False,C:\rl_projects\src\repos\rl-constrained-decision-making\runs\ConstrainedNavigation-v0__ppo_high_penalty_51200_seed1__1__1786675688,,,,,,,,
training_diagnostics_v1,16384,0.6298828125,0.419921875,0.361328125,0.4462333023548126,2.9785470962524414,ppo_high_penalty,PPO high penalty,1,f946099fe7e2006e7a6b1a59938504d3e9d7e397fcb8eed0c86e6acc71637c88,False,C:\rl_projects\src\repos\rl-constrained-decision-making\runs\ConstrainedNavigation-v0__ppo_high_penalty_51200_seed1__1__1786675688,,,,,,,,
training_diagnostics_v1,17408,0.5908203125,0.3955078125,0.3369140625,0.4117213785648346,3.0005667209625244,ppo_high_penalty,PPO high penalty,1,f946099fe7e2006e7a6b1a59938504d3e9d7e397fcb8eed0c86e6acc71637c88,False,C:\rl_projects\src\repos\rl-constrained-decision-making\runs\ConstrainedNavigation-v0__ppo_high_penalty_51200_seed1__1__1786675688,,,,,,,,
training_diagnostics_v1,18432,0.6015625,0.3935546875,0.3515625,0.4407382011413574,3.431723117828369,ppo_high_penalty,PPO high penalty,1,f946099fe7e2006e7a6b1a59938504d3e9d7e397fcb8eed0c86e6acc71637c88,False,C:\rl_projects\src\repos\rl-constrained-decision-making\runs\ConstrainedNavigation-v0__ppo_high_penalty_51200_seed1__1__1786675688,,,,,,,,
training_diagnostics_v1,19456,0.6015625,0.439453125,0.287109375,0.4136906564235687,2.593087911605835,ppo_high_penalty,PPO high penalty,1,f946099fe7e2006e7a6b1a59938504d3e9d7e397fcb8eed0c86e6acc71637c88,False,C:\rl_projects\src\repos\rl-constrained-decision-making\runs\ConstrainedNavigation-v0__ppo_high_penalty_51200_seed1__1__1786675688,,,,,,,,
training_diagnostics_v1,20480,0.5556640625,0.3876953125,0.3125,0.36048078536987305,2.5990612506866455,ppo_high_penalty,PPO high penalty,1,f946099fe7e2006e7a6b1a59938504d3e9d7e397fcb8eed0c86e6acc71637c88,False,C:\rl_projects\src\repos\rl-constrained-decision-making\runs\ConstrainedNavigation-v0__ppo_high_penalty_51200_seed1__1__1786675688,,,,,,,,
training_diagnostics_v1,21504,0.62109375,0.416015625,0.3466796875,0.4275966286659241,2.8666727542877197,ppo_high_penalty,PPO high penalty,1,f946099fe7e2006e7a6b1a59938504d3e9d7e397fcb8eed0c86e6acc71637c88,False,C:\rl_projects\src\repos\rl-constrained-decision-making\runs\ConstrainedNavigation-v0__ppo_high_penalty_51200_seed1__1__1786675688,,,,,,,,
training_diagnostics_v1,22528,0.59375,0.4267578125,0.3056640625,0.4472041130065918,3.6004443168640137,ppo_high_penalty,PPO high penalty,1,f946099fe7e2006e7a6b1a59938504d3e9d7e397fcb8eed0c86e6acc71637c88,False,C:\rl_projects\src\repos\rl-constrained-decision-making\runs\ConstrainedNavigation-v0__ppo_high_penalty_51200_seed1__1__1786675688,,,,,,,,
training_diagnostics_v1,23552,0.630859375,0.4560546875,0.34375,0.4645202159881592,2.8261911869049072,ppo_high_penalty,PPO high penalty,1,f946099fe7e2006e7a6b1a59938504d3e9d7e397fcb8eed0c86e6acc71637c88,False,C:\rl_projects\src\repos\rl-constrained-decision-making\runs\ConstrainedNavigation-v0__ppo_high_penalty_51200_seed1__1__1786675688,,,,,,,,
training_diagnostics_v1,24576,0.64453125,0.466796875,0.3330078125,0.46656060218811035,2.886944532394409,ppo_high_penalty,PPO high penalty,1,f946099fe7e2006e7a6b1a59938504d3e9d7e397fcb8eed0c86e6acc71637c88,False,C:\rl_projects\src\repos\rl-constrained-decision-making\runs\ConstrainedNavigation-v0__ppo_high_penalty_51200_seed1__1__1786675688,,,,,,,,
training_diagnostics_v1,25600,0.66015625,0.4677734375,0.3505859375,0.4979572296142578,3.2138640880584717,ppo_high_penalty,PPO high penalty,1,f946099fe7e2006e7a6b1a59938504d3e9d7e397fcb8eed0c86e6acc71637c88,False,C:\rl_projects\src\repos\rl-constrained-decision-making\runs\ConstrainedNavigation-v0__ppo_high_penalty_51200_seed1__1__1786675688,,,,,,,,
training_diagnostics_v1,26624,0.619140625,0.4306640625,0.357421875,0.4347046911716461,3.007246255874634,ppo_high_penalty,PPO high penalty,1,f946099fe7e2006e7a6b1a59938504d3e9d7e397fcb8eed0c86e6acc71637c88,False,C:\rl_projects\src\repos\rl-constrained-decision-making\runs\ConstrainedNavigation-v0__ppo_high_penalty_51200_seed1__1__1786675688,,,,,,,,
training_diagnostics_v1,27648,0.5986328125,0.380859375,0.3466796875,0.4030495882034302,3.787769317626953,ppo_high_penalty,PPO high penalty,1,f946099fe7e2006e7a6b1a59938504d3e9d7e397fcb8eed0c86e6acc71637c88,False,C:\rl_projects\src\repos\rl-constrained-decision-making\runs\ConstrainedNavigation-v0__ppo_high_penalty_51200_seed1__1__1786675688,,,,,,,,
training_diagnostics_v1,28672,0.6005859375,0.3984375,0.3427734375,0.4096871614456177,3.5638985633850098,ppo_high_penalty,PPO high penalty,1,f946099fe7e2006e7a6b1a59938504d3e9d7e397fcb8eed0c86e6acc71637c88,False,C:\rl_projects\src\repos\rl-constrained-decision-making\runs\ConstrainedNavigation-v0__ppo_high_penalty_51200_seed1__1__1786675688,,,,,,,,
training_diagnostics_v1,29696,0.6298828125,0.4228515625,0.3466796875,0.4419301152229309,3.3271894454956055,ppo_high_penalty,PPO high penalty,1,f946099fe7e2006e7a6b1a59938504d3e9d7e397fcb8eed0c86e6acc71637c88,False,C:\rl_projects\src\repos\rl-constrained-decision-making\runs\ConstrainedNavigation-v0__ppo_high_penalty_51200_seed1__1__1786675688,,,,,,,,
training_diagnostics_v1,30720,0.5986328125,0.41796875,0.318359375,0.410391241312027,3.207874298095703,ppo_high_penalty,PPO high penalty,1,f946099fe7e2006e7a6b1a59938504d3e9d7e397fcb8eed0c86e6acc71637c88,False,C:\rl_projects\src\repos\rl-constrained-decision-making\runs\ConstrainedNavigation-v0__ppo_high_penalty_51200_seed1__1__1786675688,,,,,,,,
training_diagnostics_v1,31744,0.60546875,0.40234375,0.345703125,0.42847052216529846,2.8427109718322754,ppo_high_penalty,PPO high penalty,1,f946099fe7e2006e7a6b1a59938504d3e9d7e397fcb8eed0c86e6acc71637c88,False,C:\rl_projects\src\repos\rl-constrained-decision-making\runs\ConstrainedNavigation-v0__ppo_high_penalty_51200_seed1__1__1786675688,,,,,,,,
training_diagnostics_v1,32768,0.6533203125,0.4365234375,0.3720703125,0.4749319553375244,2.8323309421539307,ppo_high_penalty,PPO high penalty,1,f946099fe7e2006e7a6b1a59938504d3e9d7e397fcb8eed0c86e6acc71637c88,False,C:\rl_projects\src\repos\rl-constrained-decision-making\runs\ConstrainedNavigation-v0__ppo_high_penalty_51200_seed1__1__1786675688,,,,,,,,
training_diagnostics_v1,33792,0.63671875,0.439453125,0.3671875,0.45148807764053345,3.1345415115356445,ppo_high_penalty,PPO high penalty,1,f946099fe7e2006e7a6b1a59938504d3e9d7e397fcb8eed0c86e6acc71637c88,False,C:\rl_projects\src\repos\rl-constrained-decision-making\runs\ConstrainedNavigation-v0__ppo_high_penalty_51200_seed1__1__1786675688,,,,,,,,
training_diagnostics_v1,34816,0.66015625,0.4384765625,0.37890625,0.5060537457466125,3.3388686180114746,ppo_high_penalty,PPO high penalty,1,f946099fe7e2006e7a6b1a59938504d3e9d7e397fcb8eed0c86e6acc71637c88,False,C:\rl_projects\src\repos\rl-constrained-decision-making\runs\ConstrainedNavigation-v0__ppo_high_penalty_51200_seed1__1__1786675688,,,,,,,,
training_diagnostics_v1,35840,0.67578125,0.484375,0.3779296875,0.5353405475616455,3.6969759464263916,ppo_high_penalty,PPO high penalty,1,f946099fe7e2006e7a6b1a59938504d3e9d7e397fcb8eed0c86e6acc71637c88,False,C:\rl_projects\src\repos\rl-constrained-decision-making\runs\ConstrainedNavigation-v0__ppo_high_penalty_51200_seed1__1__1786675688,,,,,,,,
training_diagnostics_v1,36864,0.69140625,0.494140625,0.3857421875,0.5837314128875732,2.9083802700042725,ppo_high_penalty,PPO high penalty,1,f946099fe7e2006e7a6b1a59938504d3e9d7e397fcb8eed0c86e6acc71637c88,False,C:\rl_projects\src\repos\rl-constrained-decision-making\runs\ConstrainedNavigation-v0__ppo_high_penalty_51200_seed1__1__1786675688,,,,,,,,
training_diagnostics_v1,37888,0.72265625,0.4873046875,0.4423828125,0.593524694442749,3.99004864692688,ppo_high_penalty,PPO high penalty,1,f946099fe7e2006e7a6b1a59938504d3e9d7e397fcb8eed0c86e6acc71637c88,False,C:\rl_projects\src\repos\rl-constrained-decision-making\runs\ConstrainedNavigation-v0__ppo_high_penalty_51200_seed1__1__1786675688,,,,,,,,
training_diagnostics_v1,38912,0.7109375,0.501953125,0.427734375,0.5979598164558411,4.130106449127197,ppo_high_penalty,PPO high penalty,1,f946099fe7e2006e7a6b1a59938504d3e9d7e397fcb8eed0c86e6acc71637c88,False,C:\rl_projects\src\repos\rl-constrained-decision-making\runs\ConstrainedNavigation-v0__ppo_high_penalty_51200_seed1__1__1786675688,,,,,,,,
training_diagnostics_v1,39936,0.66015625,0.4765625,0.376953125,0.5375317335128784,3.266148567199707,ppo_high_penalty,PPO high penalty,1,f946099fe7e2006e7a6b1a59938504d3e9d7e397fcb8eed0c86e6acc71637c88,False,C:\rl_projects\src\repos\rl-constrained-decision-making\runs\ConstrainedNavigation-v0__ppo_high_penalty_51200_seed1__1__1786675688,,,,,,,,
training_diagnostics_v1,40960,0.70703125,0.5087890625,0.3818359375,0.5445632338523865,3.159259796142578,ppo_high_penalty,PPO high penalty,1,f946099fe7e2006e7a6b1a59938504d3e9d7e397fcb8eed0c86e6acc71637c88,False,C:\rl_projects\src\repos\rl-constrained-decision-making\runs\ConstrainedNavigation-v0__ppo_high_penalty_51200_seed1__1__1786675688,,,,,,,,
training_diagnostics_v1,41984,0.70703125,0.4921875,0.373046875,0.5276666879653931,3.2707037925720215,ppo_high_penalty,PPO high penalty,1,f946099fe7e2006e7a6b1a59938504d3e9d7e397fcb8eed0c86e6acc71637c88,False,C:\rl_projects\src\repos\rl-constrained-decision-making\runs\ConstrainedNavigation-v0__ppo_high_penalty_51200_seed1__1__1786675688,,,,,,,,
training_diagnostics_v1,43008,0.6826171875,0.5009765625,0.3759765625,0.5224139094352722,3.3238911628723145,ppo_high_penalty,PPO high penalty,1,f946099fe7e2006e7a6b1a59938504d3e9d7e397fcb8eed0c86e6acc71637c88,False,C:\rl_projects\src\repos\rl-constrained-decision-making\runs\ConstrainedNavigation-v0__ppo_high_penalty_51200_seed1__1__1786675688,,,,,,,,
training_diagnostics_v1,44032,0.681640625,0.4892578125,0.3671875,0.5262104868888855,3.0696210861206055,ppo_high_penalty,PPO high penalty,1,f946099fe7e2006e7a6b1a59938504d3e9d7e397fcb8eed0c86e6acc71637c88,False,C:\rl_projects\src\repos\rl-constrained-decision-making\runs\ConstrainedNavigation-v0__ppo_high_penalty_51200_seed1__1__1786675688,,,,,,,,
training_diagnostics_v1,45056,0.6767578125,0.5,0.359375,0.534439742565155,2.8769235610961914,ppo_high_penalty,PPO high penalty,1,f946099fe7e2006e7a6b1a59938504d3e9d7e397fcb8eed0c86e6acc71637c88,False,C:\rl_projects\src\repos\rl-constrained-decision-making\runs\ConstrainedNavigation-v0__ppo_high_penalty_51200_seed1__1__1786675688,,,,,,,,
training_diagnostics_v1,46080,0.6982421875,0.517578125,0.3818359375,0.5899275541305542,3.3486804962158203,ppo_high_penalty,PPO high penalty,1,f946099fe7e2006e7a6b1a59938504d3e9d7e397fcb8eed0c86e6acc71637c88,False,C:\rl_projects\src\repos\rl-constrained-decision-making\runs\ConstrainedNavigation-v0__ppo_high_penalty_51200_seed1__1__1786675688,,,,,,,,
training_diagnostics_v1,47104,0.6884765625,0.498046875,0.365234375,0.5548139810562134,4.052459239959717,ppo_high_penalty,PPO high penalty,1,f946099fe7e2006e7a6b1a59938504d3e9d7e397fcb8eed0c86e6acc71637c88,False,C:\rl_projects\src\repos\rl-constrained-decision-making\runs\ConstrainedNavigation-v0__ppo_high_penalty_51200_seed1__1__1786675688,,,,,,,,
training_diagnostics_v1,48128,0.6767578125,0.48828125,0.3681640625,0.5308714509010315,2.7156217098236084,ppo_high_penalty,PPO high penalty,1,f946099fe7e2006e7a6b1a59938504d3e9d7e397fcb8eed0c86e6acc71637c88,False,C:\rl_projects\src\repos\rl-constrained-decision-making\runs\ConstrainedNavigation-v0__ppo_high_penalty_51200_seed1__1__1786675688,,,,,,,,
training_diagnostics_v1,49152,0.6689453125,0.4814453125,0.37109375,0.5384652614593506,2.9892780780792236,ppo_high_penalty,PPO high penalty,1,f946099fe7e2006e7a6b1a59938504d3e9d7e397fcb8eed0c86e6acc71637c88,False,C:\rl_projects\src\repos\rl-constrained-decision-making\runs\ConstrainedNavigation-v0__ppo_high_penalty_51200_seed1__1__1786675688,,,,,,,,
training_diagnostics_v1,50176,0.6787109375,0.4951171875,0.37109375,0.5543803572654724,4.128327369689941,ppo_high_penalty,PPO high penalty,1,f946099fe7e2006e7a6b1a59938504d3e9d7e397fcb8eed0c86e6acc71637c88,False,C:\rl_projects\src\repos\rl-constrained-decision-making\runs\ConstrainedNavigation-v0__ppo_high_penalty_51200_seed1__1__1786675688,,,,,,,,
training_diagnostics_v1,51200,0.67578125,0.498046875,0.3818359375,0.5444284677505493,3.5281150341033936,ppo_high_penalty,PPO high penalty,1,f946099fe7e2006e7a6b1a59938504d3e9d7e397fcb8eed0c86e6acc71637c88,False,C:\rl_projects\src\repos\rl-constrained-decision-making\runs\ConstrainedNavigation-v0__ppo_high_penalty_51200_seed1__1__1786675688,,,,,,,,
training_diagnostics_v1,1024,0.525390625,0.306640625,0.33203125,0.3171607255935669,2.894812822341919,ppo_high_penalty,PPO high penalty,2,a3f683d8d1172d90a5f45a00f31759384b305350c48b5c24f09595e607c90545,False,C:\rl_projects\src\repos\rl-constrained-decision-making\runs\ConstrainedNavigation-v0__ppo_high_penalty_51200_seed2__2__1786765159,,,,,,,,
training_diagnostics_v1,2048,0.53125,0.3203125,0.3134765625,0.321645587682724,3.446617603302002,ppo_high_penalty,PPO high penalty,2,a3f683d8d1172d90a5f45a00f31759384b305350c48b5c24f09595e607c90545,False,C:\rl_projects\src\repos\rl-constrained-decision-making\runs\ConstrainedNavigation-v0__ppo_high_penalty_51200_seed2__2__1786765159,,,,,,,,
training_diagnostics_v1,3072,0.5439453125,0.32421875,0.3330078125,0.3349640965461731,2.3954241275787354,ppo_high_penalty,PPO high penalty,2,a3f683d8d1172d90a5f45a00f31759384b305350c48b5c24f09595e607c90545,False,C:\rl_projects\src\repos\rl-constrained-decision-making\runs\ConstrainedNavigation-v0__ppo_high_penalty_51200_seed2__2__1786765159,,,,,,,,
training_diagnostics_v1,4096,0.5546875,0.3349609375,0.3251953125,0.3445740044116974,2.9937400817871094,ppo_high_penalty,PPO high penalty,2,a3f683d8d1172d90a5f45a00f31759384b305350c48b5c24f09595e607c90545,False,C:\rl_projects\src\repos\rl-constrained-decision-making\runs\ConstrainedNavigation-v0__ppo_high_penalty_51200_seed2__2__1786765159,,,,,,,,
training_diagnostics_v1,5120,0.56640625,0.3447265625,0.3330078125,0.34583860635757446,2.6310431957244873,ppo_high_penalty,PPO high penalty,2,a3f683d8d1172d90a5f45a00f31759384b305350c48b5c24f09595e607c90545,False,C:\rl_projects\src\repos\rl-constrained-decision-making\runs\ConstrainedNavigation-v0__ppo_high_penalty_51200_seed2__2__1786765159,,,,,,,,
training_diagnostics_v1,6144,0.58203125,0.39453125,0.3076171875,0.36081361770629883,3.055884838104248,ppo_high_penalty,PPO high penalty,2,a3f683d8d1172d90a5f45a00f31759384b305350c48b5c24f09595e607c90545,False,C:\rl_projects\src\repos\rl-constrained-decision-making\runs\ConstrainedNavigation-v0__ppo_high_penalty_51200_seed2__2__1786765159,,,,,,,,
training_diagnostics_v1,7168,0.6025390625,0.412109375,0.3310546875,0.3845980763435364,2.955230712890625,ppo_high_penalty,PPO high penalty,2,a3f683d8d1172d90a5f45a00f31759384b305350c48b5c24f09595e607c90545,False,C:\rl_projects\src\repos\rl-constrained-decision-making\runs\ConstrainedNavigation-v0__ppo_high_penalty_51200_seed2__2__1786765159,,,,,,,,
training_diagnostics_v1,8192,0.6416015625,0.4609375,0.3095703125,0.46604302525520325,3.7748539447784424,ppo_high_penalty,PPO high penalty,2,a3f683d8d1172d90a5f45a00f31759384b305350c48b5c24f09595e607c90545,False,C:\rl_projects\src\repos\rl-constrained-decision-making\runs\ConstrainedNavigation-v0__ppo_high_penalty_51200_seed2__2__1786765159,,,,,,,,
training_diagnostics_v1,9216,0.6484375,0.48828125,0.314453125,0.48126107454299927,2.8779470920562744,ppo_high_penalty,PPO high penalty,2,a3f683d8d1172d90a5f45a00f31759384b305350c48b5c24f09595e607c90545,False,C:\rl_projects\src\repos\rl-constrained-decision-making\runs\ConstrainedNavigation-v0__ppo_high_penalty_51200_seed2__2__1786765159,,,,,,,,
training_diagnostics_v1,10240,0.6689453125,0.5205078125,0.306640625,0.5579511523246765,3.2042489051818848,ppo_high_penalty,PPO high penalty,2,a3f683d8d1172d90a5f45a00f31759384b305350c48b5c24f09595e607c90545,False,C:\rl_projects\src\repos\rl-constrained-decision-making\runs\ConstrainedNavigation-v0__ppo_high_penalty_51200_seed2__2__1786765159,,,,,,,,
training_diagnostics_v1,11264,0.701171875,0.5546875,0.32421875,0.5553557872772217,3.5077404975891113,ppo_high_penalty,PPO high penalty,2,a3f683d8d1172d90a5f45a00f31759384b305350c48b5c24f09595e607c90545,False,C:\rl_projects\src\repos\rl-constrained-decision-making\runs\ConstrainedNavigation-v0__ppo_high_penalty_51200_seed2__2__1786765159,,,,,,,,
training_diagnostics_v1,12288,0.748046875,0.638671875,0.3125,0.6963862180709839,3.814626693725586,ppo_high_penalty,PPO high penalty,2,a3f683d8d1172d90a5f45a00f31759384b305350c48b5c24f09595e607c90545,False,C:\rl_projects\src\repos\rl-constrained-decision-making\runs\ConstrainedNavigation-v0__ppo_high_penalty_51200_seed2__2__1786765159,,,,,,,,
training_diagnostics_v1,13312,0.75390625,0.6279296875,0.3349609375,0.6807881593704224,3.681314468383789,ppo_high_penalty,PPO high penalty,2,a3f683d8d1172d90a5f45a00f31759384b305350c48b5c24f09595e607c90545,False,C:\rl_projects\src\repos\rl-constrained-decision-making\runs\ConstrainedNavigation-v0__ppo_high_penalty_51200_seed2__2__1786765159,,,,,,,,
training_diagnostics_v1,14336,0.74609375,0.61328125,0.3154296875,0.6957898736000061,3.993030071258545,ppo_high_penalty,PPO high penalty,2,a3f683d8d1172d90a5f45a00f31759384b305350c48b5c24f09595e607c90545,False,C:\rl_projects\src\repos\rl-constrained-decision-making\runs\ConstrainedNavigation-v0__ppo_high_penalty_51200_seed2__2__1786765159,,,,,,,,
training_diagnostics_v1,15360,0.76953125,0.6416015625,0.3193359375,0.7097743153572083,3.3727259635925293,ppo_high_penalty,PPO high penalty,2,a3f683d8d1172d90a5f45a00f31759384b305350c48b5c24f09595e607c90545,False,C:\rl_projects\src\repos\rl-constrained-decision-making\runs\ConstrainedNavigation-v0__ppo_high_penalty_51200_seed2__2__1786765159,,,,,,,,
training_diagnostics_v1,16384,0.728515625,0.6025390625,0.3173828125,0.675367534160614,3.29166316986084,ppo_high_penalty,PPO high penalty,2,a3f683d8d1172d90a5f45a00f31759384b305350c48b5c24f09595e607c90545,False,C:\rl_projects\src\repos\rl-constrained-decision-making\runs\ConstrainedNavigation-v0__ppo_high_penalty_51200_seed2__2__1786765159,,,,,,,,
training_diagnostics_v1,17408,0.751953125,0.6279296875,0.3505859375,0.7520572543144226,4.412583827972412,ppo_high_penalty,PPO high penalty,2,a3f683d8d1172d90a5f45a00f31759384b305350c48b5c24f09595e607c90545,False,C:\rl_projects\src\repos\rl-constrained-decision-making\runs\ConstrainedNavigation-v0__ppo_high_penalty_51200_seed2__2__1786765159,,,,,,,,
training_diagnostics_v1,18432,0.8115234375,0.712890625,0.310546875,0.8244147300720215,3.494957685470581,ppo_high_penalty,PPO high penalty,2,a3f683d8d1172d90a5f45a00f31759384b305350c48b5c24f09595e607c90545,False,C:\rl_projects\src\repos\rl-constrained-decision-making\runs\ConstrainedNavigation-v0__ppo_high_penalty_51200_seed2__2__1786765159,,,,,,,,
training_diagnostics_v1,19456,0.806640625,0.70703125,0.3271484375,0.8316848874092102,3.7924671173095703,ppo_high_penalty,PPO high penalty,2,a3f683d8d1172d90a5f45a00f31759384b305350c48b5c24f09595e607c90545,False,C:\rl_projects\src\repos\rl-constrained-decision-making\runs\ConstrainedNavigation-v0__ppo_high_penalty_51200_seed2__2__1786765159,,,,,,,,
training_diagnostics_v1,20480,0.7646484375,0.67578125,0.310546875,0.7537354230880737,3.2532434463500977,ppo_high_penalty,PPO high penalty,2,a3f683d8d1172d90a5f45a00f31759384b305350c48b5c24f09595e607c90545,False,C:\rl_projects\src\repos\rl-constrained-decision-making\runs\ConstrainedNavigation-v0__ppo_high_penalty_51200_seed2__2__1786765159,,,,,,,,
training_diagnostics_v1,21504,0.779296875,0.65234375,0.3388671875,0.7349703907966614,4.414994239807129,ppo_high_penalty,PPO high penalty,2,a3f683d8d1172d90a5f45a00f31759384b305350c48b5c24f09595e607c90545,False,C:\rl_projects\src\repos\rl-constrained-decision-making\runs\ConstrainedNavigation-v0__ppo_high_penalty_51200_seed2__2__1786765159,,,,,,,,
training_diagnostics_v1,22528,0.779296875,0.697265625,0.296875,0.8380351066589355,4.0601019859313965,ppo_high_penalty,PPO high penalty,2,a3f683d8d1172d90a5f45a00f31759384b305350c48b5c24f09595e607c90545,False,C:\rl_projects\src\repos\rl-constrained-decision-making\runs\ConstrainedNavigation-v0__ppo_high_penalty_51200_seed2__2__1786765159,,,,,,,,
training_diagnostics_v1,23552,0.7958984375,0.708984375,0.3212890625,0.8331654071807861,3.833972454071045,ppo_high_penalty,PPO high penalty,2,a3f683d8d1172d90a5f45a00f31759384b305350c48b5c24f09595e607c90545,False,C:\rl_projects\src\repos\rl-constrained-decision-making\runs\ConstrainedNavigation-v0__ppo_high_penalty_51200_seed2__2__1786765159,,,,,,,,
training_diagnostics_v1,24576,0.8173828125,0.7373046875,0.3095703125,0.8990911245346069,3.984901189804077,ppo_high_penalty,PPO high penalty,2,a3f683d8d1172d90a5f45a00f31759384b305350c48b5c24f09595e607c90545,False,C:\rl_projects\src\repos\rl-constrained-decision-making\runs\ConstrainedNavigation-v0__ppo_high_penalty_51200_seed2__2__1786765159,,,,,,,,
training_diagnostics_v1,25600,0.841796875,0.7666015625,0.306640625,0.8952712416648865,4.013336181640625,ppo_high_penalty,PPO high penalty,2,a3f683d8d1172d90a5f45a00f31759384b305350c48b5c24f09595e607c90545,False,C:\rl_projects\src\repos\rl-constrained-decision-making\runs\ConstrainedNavigation-v0__ppo_high_penalty_51200_seed2__2__1786765159,,,,,,,,
training_diagnostics_v1,26624,0.8056640625,0.7138671875,0.298828125,0.8128394484519958,4.493305683135986,ppo_high_penalty,PPO high penalty,2,a3f683d8d1172d90a5f45a00f31759384b305350c48b5c24f09595e607c90545,False,C:\rl_projects\src\repos\rl-constrained-decision-making\runs\ConstrainedNavigation-v0__ppo_high_penalty_51200_seed2__2__1786765159,,,,,,,,
training_diagnostics_v1,27648,0.7890625,0.6953125,0.3193359375,0.7756132483482361,3.909747362136841,ppo_high_penalty,PPO high penalty,2,a3f683d8d1172d90a5f45a00f31759384b305350c48b5c24f09595e607c90545,False,C:\rl_projects\src\repos\rl-constrained-decision-making\runs\ConstrainedNavigation-v0__ppo_high_penalty_51200_seed2__2__1786765159,,,,,,,,
training_diagnostics_v1,28672,0.7998046875,0.6982421875,0.3173828125,0.7877097129821777,3.871098518371582,ppo_high_penalty,PPO high penalty,2,a3f683d8d1172d90a5f45a00f31759384b305350c48b5c24f09595e607c90545,False,C:\rl_projects\src\repos\rl-constrained-decision-making\runs\ConstrainedNavigation-v0__ppo_high_penalty_51200_seed2__2__1786765159,,,,,,,,
training_diagnostics_v1,29696,0.80078125,0.7001953125,0.3154296875,0.7761917114257812,3.2028450965881348,ppo_high_penalty,PPO high penalty,2,a3f683d8d1172d90a5f45a00f31759384b305350c48b5c24f09595e607c90545,False,C:\rl_projects\src\repos\rl-constrained-decision-making\runs\ConstrainedNavigation-v0__ppo_high_penalty_51200_seed2__2__1786765159,,,,,,,,
training_diagnostics_v1,30720,0.7705078125,0.677734375,0.306640625,0.7724027633666992,3.460411310195923,ppo_high_penalty,PPO high penalty,2,a3f683d8d1172d90a5f45a00f31759384b305350c48b5c24f09595e607c90545,False,C:\rl_projects\src\repos\rl-constrained-decision-making\runs\ConstrainedNavigation-v0__ppo_high_penalty_51200_seed2__2__1786765159,,,,,,,,
training_diagnostics_v1,31744,0.8193359375,0.751953125,0.3046875,0.8608461618423462,4.678733825683594,ppo_high_penalty,PPO high penalty,2,a3f683d8d1172d90a5f45a00f31759384b305350c48b5c24f09595e607c90545,False,C:\rl_projects\src\repos\rl-constrained-decision-making\runs\ConstrainedNavigation-v0__ppo_high_penalty_51200_seed2__2__1786765159,,,,,,,,
training_diagnostics_v1,32768,0.8115234375,0.712890625,0.3349609375,0.8292197585105896,3.581238269805908,ppo_high_penalty,PPO high penalty,2,a3f683d8d1172d90a5f45a00f31759384b305350c48b5c24f09595e607c90545,False,C:\rl_projects\src\repos\rl-constrained-decision-making\runs\ConstrainedNavigation-v0__ppo_high_penalty_51200_seed2__2__1786765159,,,,,,,,
training_diagnostics_v1,33792,0.7802734375,0.68359375,0.294921875,0.8035148978233337,3.4077067375183105,ppo_high_penalty,PPO high penalty,2,a3f683d8d1172d90a5f45a00f31759384b305350c48b5c24f09595e607c90545,False,C:\rl_projects\src\repos\rl-constrained-decision-making\runs\ConstrainedNavigation-v0__ppo_high_penalty_51200_seed2__2__1786765159,,,,,,,,
training_diagnostics_v1,34816,0.8232421875,0.7509765625,0.2978515625,0.9079843759536743,3.6636743545532227,ppo_high_penalty,PPO high penalty,2,a3f683d8d1172d90a5f45a00f31759384b305350c48b5c24f09595e607c90545,False,C:\rl_projects\src\repos\rl-constrained-decision-making\runs\ConstrainedNavigation-v0__ppo_high_penalty_51200_seed2__2__1786765159,,,,,,,,
training_diagnostics_v1,35840,0.7998046875,0.697265625,0.32421875,0.8024016618728638,4.225070953369141,ppo_high_penalty,PPO high penalty,2,a3f683d8d1172d90a5f45a00f31759384b305350c48b5c24f09595e607c90545,False,C:\rl_projects\src\repos\rl-constrained-decision-making\runs\ConstrainedNavigation-v0__ppo_high_penalty_51200_seed2__2__1786765159,,,,,,,,
training_diagnostics_v1,36864,0.77734375,0.677734375,0.3095703125,0.792659342288971,4.085458278656006,ppo_high_penalty,PPO high penalty,2,a3f683d8d1172d90a5f45a00f31759384b305350c48b5c24f09595e607c90545,False,C:\rl_projects\src\repos\rl-constrained-decision-making\runs\ConstrainedNavigation-v0__ppo_high_penalty_51200_seed2__2__1786765159,,,,,,,,
training_diagnostics_v1,37888,0.78515625,0.6845703125,0.296875,0.7616898417472839,3.6931304931640625,ppo_high_penalty,PPO high penalty,2,a3f683d8d1172d90a5f45a00f31759384b305350c48b5c24f09595e607c90545,False,C:\rl_projects\src\repos\rl-constrained-decision-making\runs\ConstrainedNavigation-v0__ppo_high_penalty_51200_seed2__2__1786765159,,,,,,,,
training_diagnostics_v1,38912,0.8017578125,0.716796875,0.291015625,0.831761360168457,3.86034893989563,ppo_high_penalty,PPO high penalty,2,a3f683d8d1172d90a5f45a00f31759384b305350c48b5c24f09595e607c90545,False,C:\rl_projects\src\repos\rl-constrained-decision-making\runs\ConstrainedNavigation-v0__ppo_high_penalty_51200_seed2__2__1786765159,,,,,,,,
training_diagnostics_v1,39936,0.830078125,0.7314453125,0.3115234375,0.8825255632400513,4.0717339515686035,ppo_high_penalty,PPO high penalty,2,a3f683d8d1172d90a5f45a00f31759384b305350c48b5c24f09595e607c90545,False,C:\rl_projects\src\repos\rl-constrained-decision-making\runs\ConstrainedNavigation-v0__ppo_high_penalty_51200_seed2__2__1786765159,,,,,,,,
training_diagnostics_v1,40960,0.8125,0.7333984375,0.326171875,0.8657131791114807,3.241055488586426,ppo_high_penalty,PPO high penalty,2,a3f683d8d1172d90a5f45a00f31759384b305350c48b5c24f09595e607c90545,False,C:\rl_projects\src\repos\rl-constrained-decision-making\runs\ConstrainedNavigation-v0__ppo_high_penalty_51200_seed2__2__1786765159,,,,,,,,
training_diagnostics_v1,41984,0.8232421875,0.7353515625,0.310546875,0.868137776851654,3.945650100708008,ppo_high_penalty,PPO high penalty,2,a3f683d8d1172d90a5f45a00f31759384b305350c48b5c24f09595e607c90545,False,C:\rl_projects\src\repos\rl-constrained-decision-making\runs\ConstrainedNavigation-v0__ppo_high_penalty_51200_seed2__2__1786765159,,,,,,,,
training_diagnostics_v1,43008,0.8095703125,0.7255859375,0.2939453125,0.8573179841041565,3.5294835567474365,ppo_high_penalty,PPO high penalty,2,a3f683d8d1172d90a5f45a00f31759384b305350c48b5c24f09595e607c90545,False,C:\rl_projects\src\repos\rl-constrained-decision-making\runs\ConstrainedNavigation-v0__ppo_high_penalty_51200_seed2__2__1786765159,,,,,,,,
training_diagnostics_v1,44032,0.83203125,0.7646484375,0.2998046875,0.9665972590446472,3.944406032562256,ppo_high_penalty,PPO high penalty,2,a3f683d8d1172d90a5f45a00f31759384b305350c48b5c24f09595e607c90545,False,C:\rl_projects\src\repos\rl-constrained-decision-making\runs\ConstrainedNavigation-v0__ppo_high_penalty_51200_seed2__2__1786765159,,,,,,,,
training_diagnostics_v1,45056,0.830078125,0.736328125,0.3173828125,0.8944243788719177,3.9368934631347656,ppo_high_penalty,PPO high penalty,2,a3f683d8d1172d90a5f45a00f31759384b305350c48b5c24f09595e607c90545,False,C:\rl_projects\src\repos\rl-constrained-decision-making\runs\ConstrainedNavigation-v0__ppo_high_penalty_51200_seed2__2__1786765159,,,,,,,,
training_diagnostics_v1,46080,0.798828125,0.71875,0.2880859375,0.8519920706748962,4.3227338790893555,ppo_high_penalty,PPO high penalty,2,a3f683d8d1172d90a5f45a00f31759384b305350c48b5c24f09595e607c90545,False,C:\rl_projects\src\repos\rl-constrained-decision-making\runs\ConstrainedNavigation-v0__ppo_high_penalty_51200_seed2__2__1786765159,,,,,,,,
training_diagnostics_v1,47104,0.7568359375,0.67578125,0.3125,0.7638616561889648,3.3040289878845215,ppo_high_penalty,PPO high penalty,2,a3f683d8d1172d90a5f45a00f31759384b305350c48b5c24f09595e607c90545,False,C:\rl_projects\src\repos\rl-constrained-decision-making\runs\ConstrainedNavigation-v0__ppo_high_penalty_51200_seed2__2__1786765159,,,,,,,,
training_diagnostics_v1,48128,0.8212890625,0.7353515625,0.294921875,0.8621755838394165,3.6988775730133057,ppo_high_penalty,PPO high penalty,2,a3f683d8d1172d90a5f45a00f31759384b305350c48b5c24f09595e607c90545,False,C:\rl_projects\src\repos\rl-constrained-decision-making\runs\ConstrainedNavigation-v0__ppo_high_penalty_51200_seed2__2__1786765159,,,,,,,,
training_diagnostics_v1,49152,0.794921875,0.716796875,0.2861328125,0.8576090335845947,3.9540467262268066,ppo_high_penalty,PPO high penalty,2,a3f683d8d1172d90a5f45a00f31759384b305350c48b5c24f09595e607c90545,False,C:\rl_projects\src\repos\rl-constrained-decision-making\runs\ConstrainedNavigation-v0__ppo_high_penalty_51200_seed2__2__1786765159,,,,,,,,
training_diagnostics_v1,50176,0.80078125,0.724609375,0.2841796875,0.833910346031189,3.9677162170410156,ppo_high_penalty,PPO high penalty,2,a3f683d8d1172d90a5f45a00f31759384b305350c48b5c24f09595e607c90545,False,C:\rl_projects\src\repos\rl-constrained-decision-making\runs\ConstrainedNavigation-v0__ppo_high_penalty_51200_seed2__2__1786765159,,,,,,,,
training_diagnostics_v1,51200,0.78125,0.6962890625,0.2666015625,0.8148809671401978,3.636536121368408,ppo_high_penalty,PPO high penalty,2,a3f683d8d1172d90a5f45a00f31759384b305350c48b5c24f09595e607c90545,False,C:\rl_projects\src\repos\rl-constrained-decision-making\runs\ConstrainedNavigation-v0__ppo_high_penalty_51200_seed2__2__1786765159,,,,,,,,
training_diagnostics_v1,1024,0.5322265625,0.3271484375,0.306640625,0.29554325342178345,2.770411252975464,ppo_high_penalty,PPO high penalty,3,48e6b29f11086f82bb7f139dd80c052e298b8823ceb40af4967097c4f8743b97,False,C:\rl_projects\src\repos\rl-constrained-decision-making\runs\ConstrainedNavigation-v0__ppo_high_penalty_51200_seed3__3__1786766558,,,,,,,,
training_diagnostics_v1,2048,0.5107421875,0.31640625,0.2998046875,0.2912405729293823,2.417170286178589,ppo_high_penalty,PPO high penalty,3,48e6b29f11086f82bb7f139dd80c052e298b8823ceb40af4967097c4f8743b97,False,C:\rl_projects\src\repos\rl-constrained-decision-making\runs\ConstrainedNavigation-v0__ppo_high_penalty_51200_seed3__3__1786766558,,,,,,,,
training_diagnostics_v1,3072,0.5498046875,0.3369140625,0.3349609375,0.3221933841705322,3.000339984893799,ppo_high_penalty,PPO high penalty,3,48e6b29f11086f82bb7f139dd80c052e298b8823ceb40af4967097c4f8743b97,False,C:\rl_projects\src\repos\rl-constrained-decision-making\runs\ConstrainedNavigation-v0__ppo_high_penalty_51200_seed3__3__1786766558,,,,,,,,
training_diagnostics_v1,4096,0.5458984375,0.314453125,0.3232421875,0.3210541307926178,2.6657462120056152,ppo_high_penalty,PPO high penalty,3,48e6b29f11086f82bb7f139dd80c052e298b8823ceb40af4967097c4f8743b97,False,C:\rl_projects\src\repos\rl-constrained-decision-making\runs\ConstrainedNavigation-v0__ppo_high_penalty_51200_seed3__3__1786766558,,,,,,,,
training_diagnostics_v1,5120,0.5546875,0.296875,0.3701171875,0.3424866497516632,2.6251490116119385,ppo_high_penalty,PPO high penalty,3,48e6b29f11086f82bb7f139dd80c052e298b8823ceb40af4967097c4f8743b97,False,C:\rl_projects\src\repos\rl-constrained-decision-making\runs\ConstrainedNavigation-v0__ppo_high_penalty_51200_seed3__3__1786766558,,,,,,,,
training_diagnostics_v1,6144,0.572265625,0.310546875,0.38671875,0.37508803606033325,3.239591121673584,ppo_high_penalty,PPO high penalty,3,48e6b29f11086f82bb7f139dd80c052e298b8823ceb40af4967097c4f8743b97,False,C:\rl_projects\src\repos\rl-constrained-decision-making\runs\ConstrainedNavigation-v0__ppo_high_penalty_51200_seed3__3__1786766558,,,,,,,,
training_diagnostics_v1,7168,0.587890625,0.326171875,0.3828125,0.3765051066875458,2.967331647872925,ppo_high_penalty,PPO high penalty,3,48e6b29f11086f82bb7f139dd80c052e298b8823ceb40af4967097c4f8743b97,False,C:\rl_projects\src\repos\rl-constrained-decision-making\runs\ConstrainedNavigation-v0__ppo_high_penalty_51200_seed3__3__1786766558,,,,,,,,
training_diagnostics_v1,8192,0.5771484375,0.341796875,0.3740234375,0.3791954517364502,2.6281540393829346,ppo_high_penalty,PPO high penalty,3,48e6b29f11086f82bb7f139dd80c052e298b8823ceb40af4967097c4f8743b97,False,C:\rl_projects\src\repos\rl-constrained-decision-making\runs\ConstrainedNavigation-v0__ppo_high_penalty_51200_seed3__3__1786766558,,,,,,,,
training_diagnostics_v1,9216,0.595703125,0.328125,0.3935546875,0.412525475025177,2.9744040966033936,ppo_high_penalty,PPO high penalty,3,48e6b29f11086f82bb7f139dd80c052e298b8823ceb40af4967097c4f8743b97,False,C:\rl_projects\src\repos\rl-constrained-decision-making\runs\ConstrainedNavigation-v0__ppo_high_penalty_51200_seed3__3__1786766558,,,,,,,,
training_diagnostics_v1,10240,0.5986328125,0.3251953125,0.3984375,0.37872084975242615,3.01832914352417,ppo_high_penalty,PPO high penalty,3,48e6b29f11086f82bb7f139dd80c052e298b8823ceb40af4967097c4f8743b97,False,C:\rl_projects\src\repos\rl-constrained-decision-making\runs\ConstrainedNavigation-v0__ppo_high_penalty_51200_seed3__3__1786766558,,,,,,,,
training_diagnostics_v1,11264,0.5908203125,0.3330078125,0.3798828125,0.39092591404914856,2.764280080795288,ppo_high_penalty,PPO high penalty,3,48e6b29f11086f82bb7f139dd80c052e298b8823ceb40af4967097c4f8743b97,False,C:\rl_projects\src\repos\rl-constrained-decision-making\runs\ConstrainedNavigation-v0__ppo_high_penalty_51200_seed3__3__1786766558,,,,,,,,
training_diagnostics_v1,12288,0.5810546875,0.3271484375,0.361328125,0.35876134037971497,2.812879800796509,ppo_high_penalty,PPO high penalty,3,48e6b29f11086f82bb7f139dd80c052e298b8823ceb40af4967097c4f8743b97,False,C:\rl_projects\src\repos\rl-constrained-decision-making\runs\ConstrainedNavigation-v0__ppo_high_penalty_51200_seed3__3__1786766558,,,,,,,,
training_diagnostics_v1,13312,0.5556640625,0.3154296875,0.3466796875,0.3471105098724365,2.7074286937713623,ppo_high_penalty,PPO high penalty,3,48e6b29f11086f82bb7f139dd80c052e298b8823ceb40af4967097c4f8743b97,False,C:\rl_projects\src\repos\rl-constrained-decision-making\runs\ConstrainedNavigation-v0__ppo_high_penalty_51200_seed3__3__1786766558,,,,,,,,
training_diagnostics_v1,14336,0.537109375,0.30859375,0.349609375,0.34333357214927673,3.508957624435425,ppo_high_penalty,PPO high penalty,3,48e6b29f11086f82bb7f139dd80c052e298b8823ceb40af4967097c4f8743b97,False,C:\rl_projects\src\repos\rl-constrained-decision-making\runs\ConstrainedNavigation-v0__ppo_high_penalty_51200_seed3__3__1786766558,,,,,,,,
training_diagnostics_v1,15360,0.5478515625,0.3232421875,0.3486328125,0.35213208198547363,2.6198787689208984,ppo_high_penalty,PPO high penalty,3,48e6b29f11086f82bb7f139dd80c052e298b8823ceb40af4967097c4f8743b97,False,C:\rl_projects\src\repos\rl-constrained-decision-making\runs\ConstrainedNavigation-v0__ppo_high_penalty_51200_seed3__3__1786766558,,,,,,,,
training_diagnostics_v1,16384,0.6064453125,0.36328125,0.365234375,0.4005061686038971,2.9657387733459473,ppo_high_penalty,PPO high penalty,3,48e6b29f11086f82bb7f139dd80c052e298b8823ceb40af4967097c4f8743b97,False,C:\rl_projects\src\repos\rl-constrained-decision-making\runs\ConstrainedNavigation-v0__ppo_high_penalty_51200_seed3__3__1786766558,,,,,,,,
training_diagnostics_v1,17408,0.55078125,0.357421875,0.31640625,0.3599224090576172,2.9521114826202393,ppo_high_penalty,PPO high penalty,3,48e6b29f11086f82bb7f139dd80c052e298b8823ceb40af4967097c4f8743b97,False,C:\rl_projects\src\repos\rl-constrained-decision-making\runs\ConstrainedNavigation-v0__ppo_high_penalty_51200_seed3__3__1786766558,,,,,,,,
training_diagnostics_v1,18432,0.6103515625,0.4052734375,0.359375,0.4274671971797943,2.5626535415649414,ppo_high_penalty,PPO high penalty,3,48e6b29f11086f82bb7f139dd80c052e298b8823ceb40af4967097c4f8743b97,False,C:\rl_projects\src\repos\rl-constrained-decision-making\runs\ConstrainedNavigation-v0__ppo_high_penalty_51200_seed3__3__1786766558,,,,,,,,
training_diagnostics_v1,19456,0.59765625,0.3798828125,0.333984375,0.3941775858402252,2.3653860092163086,ppo_high_penalty,PPO high penalty,3,48e6b29f11086f82bb7f139dd80c052e298b8823ceb40af4967097c4f8743b97,False,C:\rl_projects\src\repos\rl-constrained-decision-making\runs\ConstrainedNavigation-v0__ppo_high_penalty_51200_seed3__3__1786766558,,,,,,,,
training_diagnostics_v1,20480,0.58203125,0.3759765625,0.328125,0.3716000020503998,3.212294101715088,ppo_high_penalty,PPO high penalty,3,48e6b29f11086f82bb7f139dd80c052e298b8823ceb40af4967097c4f8743b97,False,C:\rl_projects\src\repos\rl-constrained-decision-making\runs\ConstrainedNavigation-v0__ppo_high_penalty_51200_seed3__3__1786766558,,,,,,,,
training_diagnostics_v1,21504,0.5830078125,0.3544921875,0.365234375,0.40614986419677734,3.22670841217041,ppo_high_penalty,PPO high penalty,3,48e6b29f11086f82bb7f139dd80c052e298b8823ceb40af4967097c4f8743b97,False,C:\rl_projects\src\repos\rl-constrained-decision-making\runs\ConstrainedNavigation-v0__ppo_high_penalty_51200_seed3__3__1786766558,,,,,,,,
training_diagnostics_v1,22528,0.6005859375,0.376953125,0.3515625,0.3680054545402527,2.785444974899292,ppo_high_penalty,PPO high penalty,3,48e6b29f11086f82bb7f139dd80c052e298b8823ceb40af4967097c4f8743b97,False,C:\rl_projects\src\repos\rl-constrained-decision-making\runs\ConstrainedNavigation-v0__ppo_high_penalty_51200_seed3__3__1786766558,,,,,,,,
training_diagnostics_v1,23552,0.5693359375,0.380859375,0.310546875,0.3895951509475708,3.3270320892333984,ppo_high_penalty,PPO high penalty,3,48e6b29f11086f82bb7f139dd80c052e298b8823ceb40af4967097c4f8743b97,False,C:\rl_projects\src\repos\rl-constrained-decision-making\runs\ConstrainedNavigation-v0__ppo_high_penalty_51200_seed3__3__1786766558,,,,,,,,
training_diagnostics_v1,24576,0.595703125,0.3974609375,0.3359375,0.4231227934360504,4.055255889892578,ppo_high_penalty,PPO high penalty,3,48e6b29f11086f82bb7f139dd80c052e298b8823ceb40af4967097c4f8743b97,False,C:\rl_projects\src\repos\rl-constrained-decision-making\runs\ConstrainedNavigation-v0__ppo_high_penalty_51200_seed3__3__1786766558,,,,,,,,
training_diagnostics_v1,25600,0.615234375,0.3837890625,0.3779296875,0.43624693155288696,3.333163022994995,ppo_high_penalty,PPO high penalty,3,48e6b29f11086f82bb7f139dd80c052e298b8823ceb40af4967097c4f8743b97,False,C:\rl_projects\src\repos\rl-constrained-decision-making\runs\ConstrainedNavigation-v0__ppo_high_penalty_51200_seed3__3__1786766558,,,,,,,,
training_diagnostics_v1,26624,0.638671875,0.4296875,0.3837890625,0.47025611996650696,3.3826544284820557,ppo_high_penalty,PPO high penalty,3,48e6b29f11086f82bb7f139dd80c052e298b8823ceb40af4967097c4f8743b97,False,C:\rl_projects\src\repos\rl-constrained-decision-making\runs\ConstrainedNavigation-v0__ppo_high_penalty_51200_seed3__3__1786766558,,,,,,,,
training_diagnostics_v1,27648,0.625,0.416015625,0.3427734375,0.4353584349155426,3.312173366546631,ppo_high_penalty,PPO high penalty,3,48e6b29f11086f82bb7f139dd80c052e298b8823ceb40af4967097c4f8743b97,False,C:\rl_projects\src\repos\rl-constrained-decision-making\runs\ConstrainedNavigation-v0__ppo_high_penalty_51200_seed3__3__1786766558,,,,,,,,
training_diagnostics_v1,28672,0.6396484375,0.4111328125,0.373046875,0.457347571849823,2.878206729888916,ppo_high_penalty,PPO high penalty,3,48e6b29f11086f82bb7f139dd80c052e298b8823ceb40af4967097c4f8743b97,False,C:\rl_projects\src\repos\rl-constrained-decision-making\runs\ConstrainedNavigation-v0__ppo_high_penalty_51200_seed3__3__1786766558,,,,,,,,
training_diagnostics_v1,29696,0.6435546875,0.4111328125,0.392578125,0.4420378506183624,3.181759834289551,ppo_high_penalty,PPO high penalty,3,48e6b29f11086f82bb7f139dd80c052e298b8823ceb40af4967097c4f8743b97,False,C:\rl_projects\src\repos\rl-constrained-decision-making\runs\ConstrainedNavigation-v0__ppo_high_penalty_51200_seed3__3__1786766558,,,,,,,,
training_diagnostics_v1,30720,0.658203125,0.4306640625,0.3818359375,0.4726848006248474,2.893303871154785,ppo_high_penalty,PPO high penalty,3,48e6b29f11086f82bb7f139dd80c052e298b8823ceb40af4967097c4f8743b97,False,C:\rl_projects\src\repos\rl-constrained-decision-making\runs\ConstrainedNavigation-v0__ppo_high_penalty_51200_seed3__3__1786766558,,,,,,,,
training_diagnostics_v1,31744,0.6123046875,0.392578125,0.353515625,0.45966440439224243,2.9547669887542725,ppo_high_penalty,PPO high penalty,3,48e6b29f11086f82bb7f139dd80c052e298b8823ceb40af4967097c4f8743b97,False,C:\rl_projects\src\repos\rl-constrained-decision-making\runs\ConstrainedNavigation-v0__ppo_high_penalty_51200_seed3__3__1786766558,,,,,,,,
training_diagnostics_v1,32768,0.638671875,0.3984375,0.396484375,0.4473673701286316,3.50234317779541,ppo_high_penalty,PPO high penalty,3,48e6b29f11086f82bb7f139dd80c052e298b8823ceb40af4967097c4f8743b97,False,C:\rl_projects\src\repos\rl-constrained-decision-making\runs\ConstrainedNavigation-v0__ppo_high_penalty_51200_seed3__3__1786766558,,,,,,,,
training_diagnostics_v1,33792,0.609375,0.4150390625,0.3369140625,0.4070438742637634,3.451420545578003,ppo_high_penalty,PPO high penalty,3,48e6b29f11086f82bb7f139dd80c052e298b8823ceb40af4967097c4f8743b97,False,C:\rl_projects\src\repos\rl-constrained-decision-making\runs\ConstrainedNavigation-v0__ppo_high_penalty_51200_seed3__3__1786766558,,,,,,,,
training_diagnostics_v1,34816,0.640625,0.4169921875,0.376953125,0.44473832845687866,2.553715705871582,ppo_high_penalty,PPO high penalty,3,48e6b29f11086f82bb7f139dd80c052e298b8823ceb40af4967097c4f8743b97,False,C:\rl_projects\src\repos\rl-constrained-decision-making\runs\ConstrainedNavigation-v0__ppo_high_penalty_51200_seed3__3__1786766558,,,,,,,,
training_diagnostics_v1,35840,0.65625,0.4638671875,0.349609375,0.4867103397846222,3.25300931930542,ppo_high_penalty,PPO high penalty,3,48e6b29f11086f82bb7f139dd80c052e298b8823ceb40af4967097c4f8743b97,False,C:\rl_projects\src\repos\rl-constrained-decision-making\runs\ConstrainedNavigation-v0__ppo_high_penalty_51200_seed3__3__1786766558,,,,,,,,
training_diagnostics_v1,36864,0.634765625,0.4267578125,0.3515625,0.44115331768989563,2.8448400497436523,ppo_high_penalty,PPO high penalty,3,48e6b29f11086f82bb7f139dd80c052e298b8823ceb40af4967097c4f8743b97,False,C:\rl_projects\src\repos\rl-constrained-decision-making\runs\ConstrainedNavigation-v0__ppo_high_penalty_51200_seed3__3__1786766558,,,,,,,,
training_diagnostics_v1,37888,0.6328125,0.4248046875,0.3662109375,0.4524574875831604,2.708993434906006,ppo_high_penalty,PPO high penalty,3,48e6b29f11086f82bb7f139dd80c052e298b8823ceb40af4967097c4f8743b97,False,C:\rl_projects\src\repos\rl-constrained-decision-making\runs\ConstrainedNavigation-v0__ppo_high_penalty_51200_seed3__3__1786766558,,,,,,,,
training_diagnostics_v1,38912,0.6220703125,0.423828125,0.3486328125,0.46159958839416504,3.10244083404541,ppo_high_penalty,PPO high penalty,3,48e6b29f11086f82bb7f139dd80c052e298b8823ceb40af4967097c4f8743b97,False,C:\rl_projects\src\repos\rl-constrained-decision-making\runs\ConstrainedNavigation-v0__ppo_high_penalty_51200_seed3__3__1786766558,,,,,,,,
training_diagnostics_v1,39936,0.6279296875,0.4423828125,0.3095703125,0.42688244581222534,2.9438414573669434,ppo_high_penalty,PPO high penalty,3,48e6b29f11086f82bb7f139dd80c052e298b8823ceb40af4967097c4f8743b97,False,C:\rl_projects\src\repos\rl-constrained-decision-making\runs\ConstrainedNavigation-v0__ppo_high_penalty_51200_seed3__3__1786766558,,,,,,,,
training_diagnostics_v1,40960,0.6337890625,0.443359375,0.3505859375,0.44968298077583313,3.4319746494293213,ppo_high_penalty,PPO high penalty,3,48e6b29f11086f82bb7f139dd80c052e298b8823ceb40af4967097c4f8743b97,False,C:\rl_projects\src\repos\rl-constrained-decision-making\runs\ConstrainedNavigation-v0__ppo_high_penalty_51200_seed3__3__1786766558,,,,,,,,
training_diagnostics_v1,41984,0.630859375,0.4375,0.34375,0.48352324962615967,3.283003568649292,ppo_high_penalty,PPO high penalty,3,48e6b29f11086f82bb7f139dd80c052e298b8823ceb40af4967097c4f8743b97,False,C:\rl_projects\src\repos\rl-constrained-decision-making\runs\ConstrainedNavigation-v0__ppo_high_penalty_51200_seed3__3__1786766558,,,,,,,,
training_diagnostics_v1,43008,0.6904296875,0.474609375,0.36328125,0.5018109083175659,2.762794017791748,ppo_high_penalty,PPO high penalty,3,48e6b29f11086f82bb7f139dd80c052e298b8823ceb40af4967097c4f8743b97,False,C:\rl_projects\src\repos\rl-constrained-decision-making\runs\ConstrainedNavigation-v0__ppo_high_penalty_51200_seed3__3__1786766558,,,,,,,,
training_diagnostics_v1,44032,0.6416015625,0.4384765625,0.3740234375,0.4607238471508026,3.988828659057617,ppo_high_penalty,PPO high penalty,3,48e6b29f11086f82bb7f139dd80c052e298b8823ceb40af4967097c4f8743b97,False,C:\rl_projects\src\repos\rl-constrained-decision-making\runs\ConstrainedNavigation-v0__ppo_high_penalty_51200_seed3__3__1786766558,,,,,,,,
training_diagnostics_v1,45056,0.6279296875,0.443359375,0.3251953125,0.48165497183799744,3.5879082679748535,ppo_high_penalty,PPO high penalty,3,48e6b29f11086f82bb7f139dd80c052e298b8823ceb40af4967097c4f8743b97,False,C:\rl_projects\src\repos\rl-constrained-decision-making\runs\ConstrainedNavigation-v0__ppo_high_penalty_51200_seed3__3__1786766558,,,,,,,,
training_diagnostics_v1,46080,0.6455078125,0.4580078125,0.3271484375,0.50655198097229,2.7458837032318115,ppo_high_penalty,PPO high penalty,3,48e6b29f11086f82bb7f139dd80c052e298b8823ceb40af4967097c4f8743b97,False,C:\rl_projects\src\repos\rl-constrained-decision-making\runs\ConstrainedNavigation-v0__ppo_high_penalty_51200_seed3__3__1786766558,,,,,,,,
training_diagnostics_v1,47104,0.623046875,0.4345703125,0.3447265625,0.4802171587944031,3.281900644302368,ppo_high_penalty,PPO high penalty,3,48e6b29f11086f82bb7f139dd80c052e298b8823ceb40af4967097c4f8743b97,False,C:\rl_projects\src\repos\rl-constrained-decision-making\runs\ConstrainedNavigation-v0__ppo_high_penalty_51200_seed3__3__1786766558,,,,,,,,
training_diagnostics_v1,48128,0.640625,0.4287109375,0.373046875,0.4826289117336273,3.0335116386413574,ppo_high_penalty,PPO high penalty,3,48e6b29f11086f82bb7f139dd80c052e298b8823ceb40af4967097c4f8743b97,False,C:\rl_projects\src\repos\rl-constrained-decision-making\runs\ConstrainedNavigation-v0__ppo_high_penalty_51200_seed3__3__1786766558,,,,,,,,
training_diagnostics_v1,49152,0.640625,0.4541015625,0.3359375,0.5014611482620239,3.1612234115600586,ppo_high_penalty,PPO high penalty,3,48e6b29f11086f82bb7f139dd80c052e298b8823ceb40af4967097c4f8743b97,False,C:\rl_projects\src\repos\rl-constrained-decision-making\runs\ConstrainedNavigation-v0__ppo_high_penalty_51200_seed3__3__1786766558,,,,,,,,
training_diagnostics_v1,50176,0.65625,0.4609375,0.3603515625,0.48340675234794617,2.7786056995391846,ppo_high_penalty,PPO high penalty,3,48e6b29f11086f82bb7f139dd80c052e298b8823ceb40af4967097c4f8743b97,False,C:\rl_projects\src\repos\rl-constrained-decision-making\runs\ConstrainedNavigation-v0__ppo_high_penalty_51200_seed3__3__1786766558,,,,,,,,
training_diagnostics_v1,51200,0.6650390625,0.4873046875,0.3408203125,0.49106359481811523,3.3356871604919434,ppo_high_penalty,PPO high penalty,3,48e6b29f11086f82bb7f139dd80c052e298b8823ceb40af4967097c4f8743b97,False,C:\rl_projects\src\repos\rl-constrained-decision-making\runs\ConstrainedNavigation-v0__ppo_high_penalty_51200_seed3__3__1786766558,,,,,,,,
training_diagnostics_v1,1024,0.5556640625,0.3154296875,0.35546875,0.3400648832321167,2.6034724712371826,ppo_high_penalty,PPO high penalty,4,c57feec3843b8e3e585dc713ff618665322279b1975ee8277d305a134b7bbb80,False,C:\rl_projects\src\repos\rl-constrained-decision-making\runs\ConstrainedNavigation-v0__ppo_high_penalty_51200_seed4__4__1786827702,,,,,,,,
training_diagnostics_v1,2048,0.5419921875,0.3369140625,0.3291015625,0.3218691051006317,2.8960037231445312,ppo_high_penalty,PPO high penalty,4,c57feec3843b8e3e585dc713ff618665322279b1975ee8277d305a134b7bbb80,False,C:\rl_projects\src\repos\rl-constrained-decision-making\runs\ConstrainedNavigation-v0__ppo_high_penalty_51200_seed4__4__1786827702,,,,,,,,
training_diagnostics_v1,3072,0.5732421875,0.353515625,0.333984375,0.32984286546707153,2.461594343185425,ppo_high_penalty,PPO high penalty,4,c57feec3843b8e3e585dc713ff618665322279b1975ee8277d305a134b7bbb80,False,C:\rl_projects\src\repos\rl-constrained-decision-making\runs\ConstrainedNavigation-v0__ppo_high_penalty_51200_seed4__4__1786827702,,,,,,,,
training_diagnostics_v1,4096,0.517578125,0.30859375,0.322265625,0.33563393354415894,2.7029800415039062,ppo_high_penalty,PPO high penalty,4,c57feec3843b8e3e585dc713ff618665322279b1975ee8277d305a134b7bbb80,False,C:\rl_projects\src\repos\rl-constrained-decision-making\runs\ConstrainedNavigation-v0__ppo_high_penalty_51200_seed4__4__1786827702,,,,,,,,
training_diagnostics_v1,5120,0.5556640625,0.3310546875,0.328125,0.31454092264175415,2.611638069152832,ppo_high_penalty,PPO high penalty,4,c57feec3843b8e3e585dc713ff618665322279b1975ee8277d305a134b7bbb80,False,C:\rl_projects\src\repos\rl-constrained-decision-making\runs\ConstrainedNavigation-v0__ppo_high_penalty_51200_seed4__4__1786827702,,,,,,,,
training_diagnostics_v1,6144,0.5625,0.314453125,0.3486328125,0.3546357750892639,3.0169897079467773,ppo_high_penalty,PPO high penalty,4,c57feec3843b8e3e585dc713ff618665322279b1975ee8277d305a134b7bbb80,False,C:\rl_projects\src\repos\rl-constrained-decision-making\runs\ConstrainedNavigation-v0__ppo_high_penalty_51200_seed4__4__1786827702,,,,,,,,
training_diagnostics_v1,7168,0.5751953125,0.33203125,0.376953125,0.380893349647522,3.058220624923706,ppo_high_penalty,PPO high penalty,4,c57feec3843b8e3e585dc713ff618665322279b1975ee8277d305a134b7bbb80,False,C:\rl_projects\src\repos\rl-constrained-decision-making\runs\ConstrainedNavigation-v0__ppo_high_penalty_51200_seed4__4__1786827702,,,,,,,,
training_diagnostics_v1,8192,0.6083984375,0.353515625,0.3857421875,0.4122360646724701,3.142319917678833,ppo_high_penalty,PPO high penalty,4,c57feec3843b8e3e585dc713ff618665322279b1975ee8277d305a134b7bbb80,False,C:\rl_projects\src\repos\rl-constrained-decision-making\runs\ConstrainedNavigation-v0__ppo_high_penalty_51200_seed4__4__1786827702,,,,,,,,
training_diagnostics_v1,9216,0.6201171875,0.3583984375,0.3876953125,0.420076459646225,3.1093358993530273,ppo_high_penalty,PPO high penalty,4,c57feec3843b8e3e585dc713ff618665322279b1975ee8277d305a134b7bbb80,False,C:\rl_projects\src\repos\rl-constrained-decision-making\runs\ConstrainedNavigation-v0__ppo_high_penalty_51200_seed4__4__1786827702,,,,,,,,
training_diagnostics_v1,10240,0.6337890625,0.380859375,0.40234375,0.45174553990364075,2.8766729831695557,ppo_high_penalty,PPO high penalty,4,c57feec3843b8e3e585dc713ff618665322279b1975ee8277d305a134b7bbb80,False,C:\rl_projects\src\repos\rl-constrained-decision-making\runs\ConstrainedNavigation-v0__ppo_high_penalty_51200_seed4__4__1786827702,,,,,,,,
training_diagnostics_v1,11264,0.6728515625,0.4091796875,0.4306640625,0.5078164935112,2.872511386871338,ppo_high_penalty,PPO high penalty,4,c57feec3843b8e3e585dc713ff618665322279b1975ee8277d305a134b7bbb80,False,C:\rl_projects\src\repos\rl-constrained-decision-making\runs\ConstrainedNavigation-v0__ppo_high_penalty_51200_seed4__4__1786827702,,,,,,,,
training_diagnostics_v1,12288,0.6748046875,0.3935546875,0.453125,0.5209561586380005,3.0546910762786865,ppo_high_penalty,PPO high penalty,4,c57feec3843b8e3e585dc713ff618665322279b1975ee8277d305a134b7bbb80,False,C:\rl_projects\src\repos\rl-constrained-decision-making\runs\ConstrainedNavigation-v0__ppo_high_penalty_51200_seed4__4__1786827702,,,,,,,,
training_diagnostics_v1,13312,0.6474609375,0.41796875,0.3955078125,0.48931384086608887,2.9752440452575684,ppo_high_penalty,PPO high penalty,4,c57feec3843b8e3e585dc713ff618665322279b1975ee8277d305a134b7bbb80,False,C:\rl_projects\src\repos\rl-constrained-decision-making\runs\ConstrainedNavigation-v0__ppo_high_penalty_51200_seed4__4__1786827702,,,,,,,,
training_diagnostics_v1,14336,0.6650390625,0.4345703125,0.4228515625,0.51506108045578,3.7926111221313477,ppo_high_penalty,PPO high penalty,4,c57feec3843b8e3e585dc713ff618665322279b1975ee8277d305a134b7bbb80,False,C:\rl_projects\src\repos\rl-constrained-decision-making\runs\ConstrainedNavigation-v0__ppo_high_penalty_51200_seed4__4__1786827702,,,,,,,,
training_diagnostics_v1,15360,0.7001953125,0.48046875,0.4189453125,0.5289921760559082,3.081821918487549,ppo_high_penalty,PPO high penalty,4,c57feec3843b8e3e585dc713ff618665322279b1975ee8277d305a134b7bbb80,False,C:\rl_projects\src\repos\rl-constrained-decision-making\runs\ConstrainedNavigation-v0__ppo_high_penalty_51200_seed4__4__1786827702,,,,,,,,
training_diagnostics_v1,16384,0.7060546875,0.4921875,0.439453125,0.6248226165771484,3.5024914741516113,ppo_high_penalty,PPO high penalty,4,c57feec3843b8e3e585dc713ff618665322279b1975ee8277d305a134b7bbb80,False,C:\rl_projects\src\repos\rl-constrained-decision-making\runs\ConstrainedNavigation-v0__ppo_high_penalty_51200_seed4__4__1786827702,,,,,,,,
training_diagnostics_v1,17408,0.6865234375,0.4697265625,0.408203125,0.5646300911903381,3.0636179447174072,ppo_high_penalty,PPO high penalty,4,c57feec3843b8e3e585dc713ff618665322279b1975ee8277d305a134b7bbb80,False,C:\rl_projects\src\repos\rl-constrained-decision-making\runs\ConstrainedNavigation-v0__ppo_high_penalty_51200_seed4__4__1786827702,,,,,,,,
training_diagnostics_v1,18432,0.7236328125,0.4912109375,0.44140625,0.6067461371421814,4.412582874298096,ppo_high_penalty,PPO high penalty,4,c57feec3843b8e3e585dc713ff618665322279b1975ee8277d305a134b7bbb80,False,C:\rl_projects\src\repos\rl-constrained-decision-making\runs\ConstrainedNavigation-v0__ppo_high_penalty_51200_seed4__4__1786827702,,,,,,,,
training_diagnostics_v1,19456,0.6953125,0.517578125,0.357421875,0.5599681735038757,2.853188991546631,ppo_high_penalty,PPO high penalty,4,c57feec3843b8e3e585dc713ff618665322279b1975ee8277d305a134b7bbb80,False,C:\rl_projects\src\repos\rl-constrained-decision-making\runs\ConstrainedNavigation-v0__ppo_high_penalty_51200_seed4__4__1786827702,,,,,,,,
training_diagnostics_v1,20480,0.669921875,0.4853515625,0.3857421875,0.5312096476554871,3.5717668533325195,ppo_high_penalty,PPO high penalty,4,c57feec3843b8e3e585dc713ff618665322279b1975ee8277d305a134b7bbb80,False,C:\rl_projects\src\repos\rl-constrained-decision-making\runs\ConstrainedNavigation-v0__ppo_high_penalty_51200_seed4__4__1786827702,,,,,,,,
training_diagnostics_v1,21504,0.720703125,0.5439453125,0.3896484375,0.5955895185470581,2.8853862285614014,ppo_high_penalty,PPO high penalty,4,c57feec3843b8e3e585dc713ff618665322279b1975ee8277d305a134b7bbb80,False,C:\rl_projects\src\repos\rl-constrained-decision-making\runs\ConstrainedNavigation-v0__ppo_high_penalty_51200_seed4__4__1786827702,,,,,,,,
training_diagnostics_v1,22528,0.6923828125,0.4951171875,0.38671875,0.5294130444526672,2.870382785797119,ppo_high_penalty,PPO high penalty,4,c57feec3843b8e3e585dc713ff618665322279b1975ee8277d305a134b7bbb80,False,C:\rl_projects\src\repos\rl-constrained-decision-making\runs\ConstrainedNavigation-v0__ppo_high_penalty_51200_seed4__4__1786827702,,,,,,,,
training_diagnostics_v1,23552,0.7021484375,0.4951171875,0.4013671875,0.5207028985023499,2.827925443649292,ppo_high_penalty,PPO high penalty,4,c57feec3843b8e3e585dc713ff618665322279b1975ee8277d305a134b7bbb80,False,C:\rl_projects\src\repos\rl-constrained-decision-making\runs\ConstrainedNavigation-v0__ppo_high_penalty_51200_seed4__4__1786827702,,,,,,,,
training_diagnostics_v1,24576,0.6806640625,0.5068359375,0.3466796875,0.5519712567329407,3.2598395347595215,ppo_high_penalty,PPO high penalty,4,c57feec3843b8e3e585dc713ff618665322279b1975ee8277d305a134b7bbb80,False,C:\rl_projects\src\repos\rl-constrained-decision-making\runs\ConstrainedNavigation-v0__ppo_high_penalty_51200_seed4__4__1786827702,,,,,,,,
training_diagnostics_v1,25600,0.7197265625,0.525390625,0.388671875,0.5766600370407104,3.5841472148895264,ppo_high_penalty,PPO high penalty,4,c57feec3843b8e3e585dc713ff618665322279b1975ee8277d305a134b7bbb80,False,C:\rl_projects\src\repos\rl-constrained-decision-making\runs\ConstrainedNavigation-v0__ppo_high_penalty_51200_seed4__4__1786827702,,,,,,,,
training_diagnostics_v1,26624,0.693359375,0.5166015625,0.3681640625,0.5679333209991455,3.6686549186706543,ppo_high_penalty,PPO high penalty,4,c57feec3843b8e3e585dc713ff618665322279b1975ee8277d305a134b7bbb80,False,C:\rl_projects\src\repos\rl-constrained-decision-making\runs\ConstrainedNavigation-v0__ppo_high_penalty_51200_seed4__4__1786827702,,,,,,,,
training_diagnostics_v1,27648,0.681640625,0.5078125,0.3525390625,0.5551777482032776,3.1074328422546387,ppo_high_penalty,PPO high penalty,4,c57feec3843b8e3e585dc713ff618665322279b1975ee8277d305a134b7bbb80,False,C:\rl_projects\src\repos\rl-constrained-decision-making\runs\ConstrainedNavigation-v0__ppo_high_penalty_51200_seed4__4__1786827702,,,,,,,,
training_diagnostics_v1,28672,0.716796875,0.548828125,0.3603515625,0.6135995984077454,4.279295921325684,ppo_high_penalty,PPO high penalty,4,c57feec3843b8e3e585dc713ff618665322279b1975ee8277d305a134b7bbb80,False,C:\rl_projects\src\repos\rl-constrained-decision-making\runs\ConstrainedNavigation-v0__ppo_high_penalty_51200_seed4__4__1786827702,,,,,,,,
training_diagnostics_v1,29696,0.7548828125,0.609375,0.3818359375,0.6975019574165344,3.957958221435547,ppo_high_penalty,PPO high penalty,4,c57feec3843b8e3e585dc713ff618665322279b1975ee8277d305a134b7bbb80,False,C:\rl_projects\src\repos\rl-constrained-decision-making\runs\ConstrainedNavigation-v0__ppo_high_penalty_51200_seed4__4__1786827702,,,,,,,,
training_diagnostics_v1,30720,0.708984375,0.5498046875,0.3505859375,0.5962433218955994,3.571962833404541,ppo_high_penalty,PPO high penalty,4,c57feec3843b8e3e585dc713ff618665322279b1975ee8277d305a134b7bbb80,False,C:\rl_projects\src\repos\rl-constrained-decision-making\runs\ConstrainedNavigation-v0__ppo_high_penalty_51200_seed4__4__1786827702,,,,,,,,
training_diagnostics_v1,31744,0.7138671875,0.5615234375,0.365234375,0.6136380434036255,3.343398332595825,ppo_high_penalty,PPO high penalty,4,c57feec3843b8e3e585dc713ff618665322279b1975ee8277d305a134b7bbb80,False,C:\rl_projects\src\repos\rl-constrained-decision-making\runs\ConstrainedNavigation-v0__ppo_high_penalty_51200_seed4__4__1786827702,,,,,,,,
training_diagnostics_v1,32768,0.69140625,0.533203125,0.310546875,0.5487281680107117,3.574230194091797,ppo_high_penalty,PPO high penalty,4,c57feec3843b8e3e585dc713ff618665322279b1975ee8277d305a134b7bbb80,False,C:\rl_projects\src\repos\rl-constrained-decision-making\runs\ConstrainedNavigation-v0__ppo_high_penalty_51200_seed4__4__1786827702,,,,,,,,
training_diagnostics_v1,33792,0.728515625,0.5859375,0.3291015625,0.6614354252815247,3.6670455932617188,ppo_high_penalty,PPO high penalty,4,c57feec3843b8e3e585dc713ff618665322279b1975ee8277d305a134b7bbb80,False,C:\rl_projects\src\repos\rl-constrained-decision-making\runs\ConstrainedNavigation-v0__ppo_high_penalty_51200_seed4__4__1786827702,,,,,,,,
training_diagnostics_v1,34816,0.6943359375,0.5576171875,0.3203125,0.5834224224090576,3.7001681327819824,ppo_high_penalty,PPO high penalty,4,c57feec3843b8e3e585dc713ff618665322279b1975ee8277d305a134b7bbb80,False,C:\rl_projects\src\repos\rl-constrained-decision-making\runs\ConstrainedNavigation-v0__ppo_high_penalty_51200_seed4__4__1786827702,,,,,,,,
training_diagnostics_v1,35840,0.6669921875,0.5048828125,0.3212890625,0.5265838503837585,3.0049257278442383,ppo_high_penalty,PPO high penalty,4,c57feec3843b8e3e585dc713ff618665322279b1975ee8277d305a134b7bbb80,False,C:\rl_projects\src\repos\rl-constrained-decision-making\runs\ConstrainedNavigation-v0__ppo_high_penalty_51200_seed4__4__1786827702,,,,,,,,
training_diagnostics_v1,36864,0.662109375,0.51953125,0.2880859375,0.535664975643158,2.9576456546783447,ppo_high_penalty,PPO high penalty,4,c57feec3843b8e3e585dc713ff618665322279b1975ee8277d305a134b7bbb80,False,C:\rl_projects\src\repos\rl-constrained-decision-making\runs\ConstrainedNavigation-v0__ppo_high_penalty_51200_seed4__4__1786827702,,,,,,,,
training_diagnostics_v1,37888,0.6484375,0.5087890625,0.2822265625,0.5135548114776611,3.386981964111328,ppo_high_penalty,PPO high penalty,4,c57feec3843b8e3e585dc713ff618665322279b1975ee8277d305a134b7bbb80,False,C:\rl_projects\src\repos\rl-constrained-decision-making\runs\ConstrainedNavigation-v0__ppo_high_penalty_51200_seed4__4__1786827702,,,,,,,,
training_diagnostics_v1,38912,0.6904296875,0.578125,0.302734375,0.5995947122573853,4.049359321594238,ppo_high_penalty,PPO high penalty,4,c57feec3843b8e3e585dc713ff618665322279b1975ee8277d305a134b7bbb80,False,C:\rl_projects\src\repos\rl-constrained-decision-making\runs\ConstrainedNavigation-v0__ppo_high_penalty_51200_seed4__4__1786827702,,,,,,,,
training_diagnostics_v1,39936,0.7158203125,0.591796875,0.2880859375,0.6296896934509277,3.5428624153137207,ppo_high_penalty,PPO high penalty,4,c57feec3843b8e3e585dc713ff618665322279b1975ee8277d305a134b7bbb80,False,C:\rl_projects\src\repos\rl-constrained-decision-making\runs\ConstrainedNavigation-v0__ppo_high_penalty_51200_seed4__4__1786827702,,,,,,,,
training_diagnostics_v1,40960,0.6962890625,0.5703125,0.3056640625,0.5882321000099182,3.338696002960205,ppo_high_penalty,PPO high penalty,4,c57feec3843b8e3e585dc713ff618665322279b1975ee8277d305a134b7bbb80,False,C:\rl_projects\src\repos\rl-constrained-decision-making\runs\ConstrainedNavigation-v0__ppo_high_penalty_51200_seed4__4__1786827702,,,,,,,,
training_diagnostics_v1,41984,0.7587890625,0.6328125,0.3193359375,0.720687210559845,3.2432589530944824,ppo_high_penalty,PPO high penalty,4,c57feec3843b8e3e585dc713ff618665322279b1975ee8277d305a134b7bbb80,False,C:\rl_projects\src\repos\rl-constrained-decision-making\runs\ConstrainedNavigation-v0__ppo_high_penalty_51200_seed4__4__1786827702,,,,,,,,
training_diagnostics_v1,43008,0.7783203125,0.6826171875,0.3076171875,0.7601111531257629,3.678095579147339,ppo_high_penalty,PPO high penalty,4,c57feec3843b8e3e585dc713ff618665322279b1975ee8277d305a134b7bbb80,False,C:\rl_projects\src\repos\rl-constrained-decision-making\runs\ConstrainedNavigation-v0__ppo_high_penalty_51200_seed4__4__1786827702,,,,,,,,
training_diagnostics_v1,44032,0.7470703125,0.6416015625,0.3115234375,0.6864446401596069,3.4029297828674316,ppo_high_penalty,PPO high penalty,4,c57feec3843b8e3e585dc713ff618665322279b1975ee8277d305a134b7bbb80,False,C:\rl_projects\src\repos\rl-constrained-decision-making\runs\ConstrainedNavigation-v0__ppo_high_penalty_51200_seed4__4__1786827702,,,,,,,,
training_diagnostics_v1,45056,0.7587890625,0.65234375,0.2861328125,0.7274069786071777,3.754958152770996,ppo_high_penalty,PPO high penalty,4,c57feec3843b8e3e585dc713ff618665322279b1975ee8277d305a134b7bbb80,False,C:\rl_projects\src\repos\rl-constrained-decision-making\runs\ConstrainedNavigation-v0__ppo_high_penalty_51200_seed4__4__1786827702,,,,,,,,
training_diagnostics_v1,46080,0.78515625,0.689453125,0.3125,0.7901451587677002,4.3575544357299805,ppo_high_penalty,PPO high penalty,4,c57feec3843b8e3e585dc713ff618665322279b1975ee8277d305a134b7bbb80,False,C:\rl_projects\src\repos\rl-constrained-decision-making\runs\ConstrainedNavigation-v0__ppo_high_penalty_51200_seed4__4__1786827702,,,,,,,,
training_diagnostics_v1,47104,0.76953125,0.6845703125,0.296875,0.742399275302887,4.202079772949219,ppo_high_penalty,PPO high penalty,4,c57feec3843b8e3e585dc713ff618665322279b1975ee8277d305a134b7bbb80,False,C:\rl_projects\src\repos\rl-constrained-decision-making\runs\ConstrainedNavigation-v0__ppo_high_penalty_51200_seed4__4__1786827702,,,,,,,,
training_diagnostics_v1,48128,0.7392578125,0.6455078125,0.291015625,0.703345775604248,3.3797569274902344,ppo_high_penalty,PPO high penalty,4,c57feec3843b8e3e585dc713ff618665322279b1975ee8277d305a134b7bbb80,False,C:\rl_projects\src\repos\rl-constrained-decision-making\runs\ConstrainedNavigation-v0__ppo_high_penalty_51200_seed4__4__1786827702,,,,,,,,
training_diagnostics_v1,49152,0.732421875,0.634765625,0.3076171875,0.6732991337776184,3.704620122909546,ppo_high_penalty,PPO high penalty,4,c57feec3843b8e3e585dc713ff618665322279b1975ee8277d305a134b7bbb80,False,C:\rl_projects\src\repos\rl-constrained-decision-making\runs\ConstrainedNavigation-v0__ppo_high_penalty_51200_seed4__4__1786827702,,,,,,,,
training_diagnostics_v1,50176,0.7314453125,0.6279296875,0.275390625,0.6695595383644104,3.3782224655151367,ppo_high_penalty,PPO high penalty,4,c57feec3843b8e3e585dc713ff618665322279b1975ee8277d305a134b7bbb80,False,C:\rl_projects\src\repos\rl-constrained-decision-making\runs\ConstrainedNavigation-v0__ppo_high_penalty_51200_seed4__4__1786827702,,,,,,,,
training_diagnostics_v1,51200,0.736328125,0.6298828125,0.296875,0.6790784597396851,3.5838637351989746,ppo_high_penalty,PPO high penalty,4,c57feec3843b8e3e585dc713ff618665322279b1975ee8277d305a134b7bbb80,False,C:\rl_projects\src\repos\rl-constrained-decision-making\runs\ConstrainedNavigation-v0__ppo_high_penalty_51200_seed4__4__1786827702,,,,,,,,
training_diagnostics_v1,1024,0.5400390625,0.33984375,0.306640625,0.32807567715644836,2.6425888538360596,ppo_high_penalty,PPO high penalty,5,45d8ccefb072cbd8badc1551770d69a5c5a31c61b936add71224ea5172ff83d4,False,C:\rl_projects\src\repos\rl-constrained-decision-making\runs\ConstrainedNavigation-v0__ppo_high_penalty_51200_seed5__5__1786828536,,,,,,,,
training_diagnostics_v1,2048,0.5341796875,0.3193359375,0.3076171875,0.3082349896430969,2.44057559967041,ppo_high_penalty,PPO high penalty,5,45d8ccefb072cbd8badc1551770d69a5c5a31c61b936add71224ea5172ff83d4,False,C:\rl_projects\src\repos\rl-constrained-decision-making\runs\ConstrainedNavigation-v0__ppo_high_penalty_51200_seed5__5__1786828536,,,,,,,,
training_diagnostics_v1,3072,0.5322265625,0.3095703125,0.3251953125,0.3070562183856964,2.6094212532043457,ppo_high_penalty,PPO high penalty,5,45d8ccefb072cbd8badc1551770d69a5c5a31c61b936add71224ea5172ff83d4,False,C:\rl_projects\src\repos\rl-constrained-decision-making\runs\ConstrainedNavigation-v0__ppo_high_penalty_51200_seed5__5__1786828536,,,,,,,,
training_diagnostics_v1,4096,0.5283203125,0.314453125,0.306640625,0.30055636167526245,2.7668302059173584,ppo_high_penalty,PPO high penalty,5,45d8ccefb072cbd8badc1551770d69a5c5a31c61b936add71224ea5172ff83d4,False,C:\rl_projects\src\repos\rl-constrained-decision-making\runs\ConstrainedNavigation-v0__ppo_high_penalty_51200_seed5__5__1786828536,,,,,,,,
training_diagnostics_v1,5120,0.5537109375,0.326171875,0.3408203125,0.32407742738723755,2.902738571166992,ppo_high_penalty,PPO high penalty,5,45d8ccefb072cbd8badc1551770d69a5c5a31c61b936add71224ea5172ff83d4,False,C:\rl_projects\src\repos\rl-constrained-decision-making\runs\ConstrainedNavigation-v0__ppo_high_penalty_51200_seed5__5__1786828536,,,,,,,,
training_diagnostics_v1,6144,0.5634765625,0.3046875,0.373046875,0.3525412380695343,2.670815944671631,ppo_high_penalty,PPO high penalty,5,45d8ccefb072cbd8badc1551770d69a5c5a31c61b936add71224ea5172ff83d4,False,C:\rl_projects\src\repos\rl-constrained-decision-making\runs\ConstrainedNavigation-v0__ppo_high_penalty_51200_seed5__5__1786828536,,,,,,,,
training_diagnostics_v1,7168,0.5849609375,0.3349609375,0.37890625,0.38478735089302063,2.7105655670166016,ppo_high_penalty,PPO high penalty,5,45d8ccefb072cbd8badc1551770d69a5c5a31c61b936add71224ea5172ff83d4,False,C:\rl_projects\src\repos\rl-constrained-decision-making\runs\ConstrainedNavigation-v0__ppo_high_penalty_51200_seed5__5__1786828536,,,,,,,,
training_diagnostics_v1,8192,0.625,0.3671875,0.4140625,0.433695524930954,2.610729932785034,ppo_high_penalty,PPO high penalty,5,45d8ccefb072cbd8badc1551770d69a5c5a31c61b936add71224ea5172ff83d4,False,C:\rl_projects\src\repos\rl-constrained-decision-making\runs\ConstrainedNavigation-v0__ppo_high_penalty_51200_seed5__5__1786828536,,,,,,,,
training_diagnostics_v1,9216,0.63671875,0.38671875,0.384765625,0.4373587369918823,3.0832433700561523,ppo_high_penalty,PPO high penalty,5,45d8ccefb072cbd8badc1551770d69a5c5a31c61b936add71224ea5172ff83d4,False,C:\rl_projects\src\repos\rl-constrained-decision-making\runs\ConstrainedNavigation-v0__ppo_high_penalty_51200_seed5__5__1786828536,,,,,,,,
training_diagnostics_v1,10240,0.59375,0.369140625,0.359375,0.43625786900520325,2.7732737064361572,ppo_high_penalty,PPO high penalty,5,45d8ccefb072cbd8badc1551770d69a5c5a31c61b936add71224ea5172ff83d4,False,C:\rl_projects\src\repos\rl-constrained-decision-making\runs\ConstrainedNavigation-v0__ppo_high_penalty_51200_seed5__5__1786828536,,,,,,,,
training_diagnostics_v1,11264,0.6123046875,0.4140625,0.361328125,0.4387107491493225,4.254577159881592,ppo_high_penalty,PPO high penalty,5,45d8ccefb072cbd8badc1551770d69a5c5a31c61b936add71224ea5172ff83d4,False,C:\rl_projects\src\repos\rl-constrained-decision-making\runs\ConstrainedNavigation-v0__ppo_high_penalty_51200_seed5__5__1786828536,,,,,,,,
training_diagnostics_v1,12288,0.6298828125,0.4482421875,0.3642578125,0.475554883480072,3.03414249420166,ppo_high_penalty,PPO high penalty,5,45d8ccefb072cbd8badc1551770d69a5c5a31c61b936add71224ea5172ff83d4,False,C:\rl_projects\src\repos\rl-constrained-decision-making\runs\ConstrainedNavigation-v0__ppo_high_penalty_51200_seed5__5__1786828536,,,,,,,,
training_diagnostics_v1,13312,0.689453125,0.4814453125,0.3955078125,0.5399101376533508,3.238776206970215,ppo_high_penalty,PPO high penalty,5,45d8ccefb072cbd8badc1551770d69a5c5a31c61b936add71224ea5172ff83d4,False,C:\rl_projects\src\repos\rl-constrained-decision-making\runs\ConstrainedNavigation-v0__ppo_high_penalty_51200_seed5__5__1786828536,,,,,,,,
training_diagnostics_v1,14336,0.6484375,0.45703125,0.3583984375,0.49364134669303894,3.471315383911133,ppo_high_penalty,PPO high penalty,5,45d8ccefb072cbd8badc1551770d69a5c5a31c61b936add71224ea5172ff83d4,False,C:\rl_projects\src\repos\rl-constrained-decision-making\runs\ConstrainedNavigation-v0__ppo_high_penalty_51200_seed5__5__1786828536,,,,,,,,
training_diagnostics_v1,15360,0.64453125,0.4443359375,0.3671875,0.4998316466808319,3.1404788494110107,ppo_high_penalty,PPO high penalty,5,45d8ccefb072cbd8badc1551770d69a5c5a31c61b936add71224ea5172ff83d4,False,C:\rl_projects\src\repos\rl-constrained-decision-making\runs\ConstrainedNavigation-v0__ppo_high_penalty_51200_seed5__5__1786828536,,,,,,,,
training_diagnostics_v1,16384,0.6884765625,0.494140625,0.375,0.5374384522438049,3.314840793609619,ppo_high_penalty,PPO high penalty,5,45d8ccefb072cbd8badc1551770d69a5c5a31c61b936add71224ea5172ff83d4,False,C:\rl_projects\src\repos\rl-constrained-decision-making\runs\ConstrainedNavigation-v0__ppo_high_penalty_51200_seed5__5__1786828536,,,,,,,,
training_diagnostics_v1,17408,0.681640625,0.517578125,0.3525390625,0.5610957145690918,3.410811185836792,ppo_high_penalty,PPO high penalty,5,45d8ccefb072cbd8badc1551770d69a5c5a31c61b936add71224ea5172ff83d4,False,C:\rl_projects\src\repos\rl-constrained-decision-making\runs\ConstrainedNavigation-v0__ppo_high_penalty_51200_seed5__5__1786828536,,,,,,,,
training_diagnostics_v1,18432,0.7197265625,0.5654296875,0.35546875,0.6332719922065735,3.7631375789642334,ppo_high_penalty,PPO high penalty,5,45d8ccefb072cbd8badc1551770d69a5c5a31c61b936add71224ea5172ff83d4,False,C:\rl_projects\src\repos\rl-constrained-decision-making\runs\ConstrainedNavigation-v0__ppo_high_penalty_51200_seed5__5__1786828536,,,,,,,,
training_diagnostics_v1,19456,0.6982421875,0.548828125,0.330078125,0.5590174198150635,3.1022167205810547,ppo_high_penalty,PPO high penalty,5,45d8ccefb072cbd8badc1551770d69a5c5a31c61b936add71224ea5172ff83d4,False,C:\rl_projects\src\repos\rl-constrained-decision-making\runs\ConstrainedNavigation-v0__ppo_high_penalty_51200_seed5__5__1786828536,,,,,,,,
training_diagnostics_v1,20480,0.7314453125,0.611328125,0.337890625,0.6388736963272095,3.212014675140381,ppo_high_penalty,PPO high penalty,5,45d8ccefb072cbd8badc1551770d69a5c5a31c61b936add71224ea5172ff83d4,False,C:\rl_projects\src\repos\rl-constrained-decision-making\runs\ConstrainedNavigation-v0__ppo_high_penalty_51200_seed5__5__1786828536,,,,,,,,
training_diagnostics_v1,21504,0.7548828125,0.6259765625,0.3388671875,0.6843593716621399,3.6051292419433594,ppo_high_penalty,PPO high penalty,5,45d8ccefb072cbd8badc1551770d69a5c5a31c61b936add71224ea5172ff83d4,False,C:\rl_projects\src\repos\rl-constrained-decision-making\runs\ConstrainedNavigation-v0__ppo_high_penalty_51200_seed5__5__1786828536,,,,,,,,
training_diagnostics_v1,22528,0.7412109375,0.6220703125,0.328125,0.674768328666687,3.673260450363159,ppo_high_penalty,PPO high penalty,5,45d8ccefb072cbd8badc1551770d69a5c5a31c61b936add71224ea5172ff83d4,False,C:\rl_projects\src\repos\rl-constrained-decision-making\runs\ConstrainedNavigation-v0__ppo_high_penalty_51200_seed5__5__1786828536,,,,,,,,
training_diagnostics_v1,23552,0.71875,0.5947265625,0.314453125,0.6448107361793518,3.317328929901123,ppo_high_penalty,PPO high penalty,5,45d8ccefb072cbd8badc1551770d69a5c5a31c61b936add71224ea5172ff83d4,False,C:\rl_projects\src\repos\rl-constrained-decision-making\runs\ConstrainedNavigation-v0__ppo_high_penalty_51200_seed5__5__1786828536,,,,,,,,
training_diagnostics_v1,24576,0.7451171875,0.62109375,0.326171875,0.6847057342529297,3.2722673416137695,ppo_high_penalty,PPO high penalty,5,45d8ccefb072cbd8badc1551770d69a5c5a31c61b936add71224ea5172ff83d4,False,C:\rl_projects\src\repos\rl-constrained-decision-making\runs\ConstrainedNavigation-v0__ppo_high_penalty_51200_seed5__5__1786828536,,,,,,,,
training_diagnostics_v1,25600,0.693359375,0.5556640625,0.306640625,0.5791775584220886,3.082845687866211,ppo_high_penalty,PPO high penalty,5,45d8ccefb072cbd8badc1551770d69a5c5a31c61b936add71224ea5172ff83d4,False,C:\rl_projects\src\repos\rl-constrained-decision-making\runs\ConstrainedNavigation-v0__ppo_high_penalty_51200_seed5__5__1786828536,,,,,,,,
training_diagnostics_v1,26624,0.6904296875,0.5458984375,0.298828125,0.5820146799087524,3.5732991695404053,ppo_high_penalty,PPO high penalty,5,45d8ccefb072cbd8badc1551770d69a5c5a31c61b936add71224ea5172ff83d4,False,C:\rl_projects\src\repos\rl-constrained-decision-making\runs\ConstrainedNavigation-v0__ppo_high_penalty_51200_seed5__5__1786828536,,,,,,,,
training_diagnostics_v1,27648,0.6904296875,0.5517578125,0.30859375,0.6210838556289673,3.7143983840942383,ppo_high_penalty,PPO high penalty,5,45d8ccefb072cbd8badc1551770d69a5c5a31c61b936add71224ea5172ff83d4,False,C:\rl_projects\src\repos\rl-constrained-decision-making\runs\ConstrainedNavigation-v0__ppo_high_penalty_51200_seed5__5__1786828536,,,,,,,,
training_diagnostics_v1,28672,0.716796875,0.5849609375,0.3369140625,0.6331221461296082,3.5102739334106445,ppo_high_penalty,PPO high penalty,5,45d8ccefb072cbd8badc1551770d69a5c5a31c61b936add71224ea5172ff83d4,False,C:\rl_projects\src\repos\rl-constrained-decision-making\runs\ConstrainedNavigation-v0__ppo_high_penalty_51200_seed5__5__1786828536,,,,,,,,
training_diagnostics_v1,29696,0.7412109375,0.60546875,0.3271484375,0.6730838418006897,3.7890758514404297,ppo_high_penalty,PPO high penalty,5,45d8ccefb072cbd8badc1551770d69a5c5a31c61b936add71224ea5172ff83d4,False,C:\rl_projects\src\repos\rl-constrained-decision-making\runs\ConstrainedNavigation-v0__ppo_high_penalty_51200_seed5__5__1786828536,,,,,,,,
training_diagnostics_v1,30720,0.7626953125,0.6240234375,0.357421875,0.7022527456283569,4.117920398712158,ppo_high_penalty,PPO high penalty,5,45d8ccefb072cbd8badc1551770d69a5c5a31c61b936add71224ea5172ff83d4,False,C:\rl_projects\src\repos\rl-constrained-decision-making\runs\ConstrainedNavigation-v0__ppo_high_penalty_51200_seed5__5__1786828536,,,,,,,,
training_diagnostics_v1,31744,0.7333984375,0.595703125,0.34375,0.6740337610244751,3.444920539855957,ppo_high_penalty,PPO high penalty,5,45d8ccefb072cbd8badc1551770d69a5c5a31c61b936add71224ea5172ff83d4,False,C:\rl_projects\src\repos\rl-constrained-decision-making\runs\ConstrainedNavigation-v0__ppo_high_penalty_51200_seed5__5__1786828536,,,,,,,,
training_diagnostics_v1,32768,0.7353515625,0.615234375,0.3232421875,0.6806280612945557,3.51485538482666,ppo_high_penalty,PPO high penalty,5,45d8ccefb072cbd8badc1551770d69a5c5a31c61b936add71224ea5172ff83d4,False,C:\rl_projects\src\repos\rl-constrained-decision-making\runs\ConstrainedNavigation-v0__ppo_high_penalty_51200_seed5__5__1786828536,,,,,,,,
training_diagnostics_v1,33792,0.7529296875,0.6240234375,0.3232421875,0.7290517687797546,3.451265573501587,ppo_high_penalty,PPO high penalty,5,45d8ccefb072cbd8badc1551770d69a5c5a31c61b936add71224ea5172ff83d4,False,C:\rl_projects\src\repos\rl-constrained-decision-making\runs\ConstrainedNavigation-v0__ppo_high_penalty_51200_seed5__5__1786828536,,,,,,,,
training_diagnostics_v1,34816,0.7470703125,0.623046875,0.3486328125,0.6865565180778503,3.78471040725708,ppo_high_penalty,PPO high penalty,5,45d8ccefb072cbd8badc1551770d69a5c5a31c61b936add71224ea5172ff83d4,False,C:\rl_projects\src\repos\rl-constrained-decision-making\runs\ConstrainedNavigation-v0__ppo_high_penalty_51200_seed5__5__1786828536,,,,,,,,
training_diagnostics_v1,35840,0.712890625,0.6015625,0.302734375,0.6527092456817627,3.441498279571533,ppo_high_penalty,PPO high penalty,5,45d8ccefb072cbd8badc1551770d69a5c5a31c61b936add71224ea5172ff83d4,False,C:\rl_projects\src\repos\rl-constrained-decision-making\runs\ConstrainedNavigation-v0__ppo_high_penalty_51200_seed5__5__1786828536,,,,,,,,
training_diagnostics_v1,36864,0.7333984375,0.603515625,0.337890625,0.6567694544792175,3.356579303741455,ppo_high_penalty,PPO high penalty,5,45d8ccefb072cbd8badc1551770d69a5c5a31c61b936add71224ea5172ff83d4,False,C:\rl_projects\src\repos\rl-constrained-decision-making\runs\ConstrainedNavigation-v0__ppo_high_penalty_51200_seed5__5__1786828536,,,,,,,,
training_diagnostics_v1,37888,0.71875,0.58984375,0.31640625,0.6171754002571106,3.6900851726531982,ppo_high_penalty,PPO high penalty,5,45d8ccefb072cbd8badc1551770d69a5c5a31c61b936add71224ea5172ff83d4,False,C:\rl_projects\src\repos\rl-constrained-decision-making\runs\ConstrainedNavigation-v0__ppo_high_penalty_51200_seed5__5__1786828536,,,,,,,,
training_diagnostics_v1,38912,0.6953125,0.5693359375,0.3134765625,0.59679114818573,3.0485422611236572,ppo_high_penalty,PPO high penalty,5,45d8ccefb072cbd8badc1551770d69a5c5a31c61b936add71224ea5172ff83d4,False,C:\rl_projects\src\repos\rl-constrained-decision-making\runs\ConstrainedNavigation-v0__ppo_high_penalty_51200_seed5__5__1786828536,,,,,,,,
training_diagnostics_v1,39936,0.703125,0.5703125,0.2900390625,0.5921358466148376,3.918793201446533,ppo_high_penalty,PPO high penalty,5,45d8ccefb072cbd8badc1551770d69a5c5a31c61b936add71224ea5172ff83d4,False,C:\rl_projects\src\repos\rl-constrained-decision-making\runs\ConstrainedNavigation-v0__ppo_high_penalty_51200_seed5__5__1786828536,,,,,,,,
training_diagnostics_v1,40960,0.712890625,0.5830078125,0.2998046875,0.6092190146446228,3.4112863540649414,ppo_high_penalty,PPO high penalty,5,45d8ccefb072cbd8badc1551770d69a5c5a31c61b936add71224ea5172ff83d4,False,C:\rl_projects\src\repos\rl-constrained-decision-making\runs\ConstrainedNavigation-v0__ppo_high_penalty_51200_seed5__5__1786828536,,,,,,,,
training_diagnostics_v1,41984,0.724609375,0.5986328125,0.326171875,0.6694762706756592,3.479259490966797,ppo_high_penalty,PPO high penalty,5,45d8ccefb072cbd8badc1551770d69a5c5a31c61b936add71224ea5172ff83d4,False,C:\rl_projects\src\repos\rl-constrained-decision-making\runs\ConstrainedNavigation-v0__ppo_high_penalty_51200_seed5__5__1786828536,,,,,,,,
training_diagnostics_v1,43008,0.7529296875,0.6220703125,0.3515625,0.6761448979377747,3.6126246452331543,ppo_high_penalty,PPO high penalty,5,45d8ccefb072cbd8badc1551770d69a5c5a31c61b936add71224ea5172ff83d4,False,C:\rl_projects\src\repos\rl-constrained-decision-making\runs\ConstrainedNavigation-v0__ppo_high_penalty_51200_seed5__5__1786828536,,,,,,,,
training_diagnostics_v1,44032,0.7275390625,0.59765625,0.3330078125,0.646477460861206,3.195014238357544,ppo_high_penalty,PPO high penalty,5,45d8ccefb072cbd8badc1551770d69a5c5a31c61b936add71224ea5172ff83d4,False,C:\rl_projects\src\repos\rl-constrained-decision-making\runs\ConstrainedNavigation-v0__ppo_high_penalty_51200_seed5__5__1786828536,,,,,,,,
training_diagnostics_v1,45056,0.73828125,0.5859375,0.3525390625,0.6326928734779358,3.421332359313965,ppo_high_penalty,PPO high penalty,5,45d8ccefb072cbd8badc1551770d69a5c5a31c61b936add71224ea5172ff83d4,False,C:\rl_projects\src\repos\rl-constrained-decision-making\runs\ConstrainedNavigation-v0__ppo_high_penalty_51200_seed5__5__1786828536,,,,,,,,
training_diagnostics_v1,46080,0.72265625,0.57421875,0.3505859375,0.6136200428009033,4.057862758636475,ppo_high_penalty,PPO high penalty,5,45d8ccefb072cbd8badc1551770d69a5c5a31c61b936add71224ea5172ff83d4,False,C:\rl_projects\src\repos\rl-constrained-decision-making\runs\ConstrainedNavigation-v0__ppo_high_penalty_51200_seed5__5__1786828536,,,,,,,,
training_diagnostics_v1,47104,0.6826171875,0.552734375,0.3359375,0.587550699710846,3.2354447841644287,ppo_high_penalty,PPO high penalty,5,45d8ccefb072cbd8badc1551770d69a5c5a31c61b936add71224ea5172ff83d4,False,C:\rl_projects\src\repos\rl-constrained-decision-making\runs\ConstrainedNavigation-v0__ppo_high_penalty_51200_seed5__5__1786828536,,,,,,,,
training_diagnostics_v1,48128,0.693359375,0.5537109375,0.333984375,0.574378252029419,3.2313835620880127,ppo_high_penalty,PPO high penalty,5,45d8ccefb072cbd8badc1551770d69a5c5a31c61b936add71224ea5172ff83d4,False,C:\rl_projects\src\repos\rl-constrained-decision-making\runs\ConstrainedNavigation-v0__ppo_high_penalty_51200_seed5__5__1786828536,,,,,,,,
training_diagnostics_v1,49152,0.701171875,0.5380859375,0.3466796875,0.5944065451622009,3.600839376449585,ppo_high_penalty,PPO high penalty,5,45d8ccefb072cbd8badc1551770d69a5c5a31c61b936add71224ea5172ff83d4,False,C:\rl_projects\src\repos\rl-constrained-decision-making\runs\ConstrainedNavigation-v0__ppo_high_penalty_51200_seed5__5__1786828536,,,,,,,,
training_diagnostics_v1,50176,0.7080078125,0.5732421875,0.3447265625,0.6239269375801086,3.4155445098876953,ppo_high_penalty,PPO high penalty,5,45d8ccefb072cbd8badc1551770d69a5c5a31c61b936add71224ea5172ff83d4,False,C:\rl_projects\src\repos\rl-constrained-decision-making\runs\ConstrainedNavigation-v0__ppo_high_penalty_51200_seed5__5__1786828536,,,,,,,,
training_diagnostics_v1,51200,0.7255859375,0.5810546875,0.326171875,0.6257330179214478,3.6047213077545166,ppo_high_penalty,PPO high penalty,5,45d8ccefb072cbd8badc1551770d69a5c5a31c61b936add71224ea5172ff83d4,False,C:\rl_projects\src\repos\rl-constrained-decision-making\runs\ConstrainedNavigation-v0__ppo_high_penalty_51200_seed5__5__1786828536,,,,,,,,
training_diagnostics_v1,1024,0.5283203125,0.3134765625,0.314453125,0.2990167438983917,3.1850943565368652,ppo_train_projection,PPO trained with projection,1,3c5949efe582518ed18dd33bd0066b919e2240bf8d1a1675995de14bf291227d,True,C:\rl_projects\src\repos\rl-constrained-decision-making\runs\ConstrainedNavigation-v0__ppo_train_projection_51200_seed1__1__1786675727,1024.0,60.0,0.05859375,0.020560642704367638,1.468030571937561,4.5173212129157037e-05,0.00649767043069005,0.0
training_diagnostics_v1,2048,0.525390625,0.3095703125,0.2998046875,0.3070225119590759,2.9325640201568604,ppo_train_projection,PPO trained with projection,1,3c5949efe582518ed18dd33bd0066b919e2240bf8d1a1675995de14bf291227d,True,C:\rl_projects\src\repos\rl-constrained-decision-making\runs\ConstrainedNavigation-v0__ppo_train_projection_51200_seed1__1__1786675727,1024.0,69.0,0.0673828125,0.03317446634173393,1.699051022529602,8.594747487222776e-05,0.010820737108588219,0.0
training_diagnostics_v1,3072,0.5576171875,0.3447265625,0.3017578125,0.3257133364677429,2.3930580615997314,ppo_train_projection,PPO trained with projection,1,3c5949efe582518ed18dd33bd0066b919e2240bf8d1a1675995de14bf291227d,True,C:\rl_projects\src\repos\rl-constrained-decision-making\runs\ConstrainedNavigation-v0__ppo_train_projection_51200_seed1__1__1786675727,1024.0,59.0,0.0576171875,0.03361652418971062,1.8120462894439697,0.00010190770990448073,0.013964320532977581,0.0
training_diagnostics_v1,4096,0.54296875,0.3076171875,0.3359375,0.30177363753318787,2.3498778343200684,ppo_train_projection,PPO trained with projection,1,3c5949efe582518ed18dd33bd0066b919e2240bf8d1a1675995de14bf291227d,True,C:\rl_projects\src\repos\rl-constrained-decision-making\runs\ConstrainedNavigation-v0__ppo_train_projection_51200_seed1__1__1786675727,1024.0,81.0,0.0791015625,0.03934089094400406,1.7073988914489746,0.00012869668717030436,0.014327451586723328,0.0
training_diagnostics_v1,5120,0.533203125,0.2919921875,0.333984375,0.2972390353679657,2.5274903774261475,ppo_train_projection,PPO trained with projection,1,3c5949efe582518ed18dd33bd0066b919e2240bf8d1a1675995de14bf291227d,True,C:\rl_projects\src\repos\rl-constrained-decision-making\runs\ConstrainedNavigation-v0__ppo_train_projection_51200_seed1__1__1786675727,1024.0,112.0,0.109375,0.05272596701979637,1.719400405883789,0.00018188171088695526,0.016540879383683205,0.0
training_diagnostics_v1,6144,0.53125,0.3251953125,0.322265625,0.31322938203811646,3.3902149200439453,ppo_train_projection,PPO trained with projection,1,3c5949efe582518ed18dd33bd0066b919e2240bf8d1a1675995de14bf291227d,True,C:\rl_projects\src\repos\rl-constrained-decision-making\runs\ConstrainedNavigation-v0__ppo_train_projection_51200_seed1__1__1786675727,1024.0,150.0,0.146484375,0.09556002914905548,1.9796866178512573,0.0003883393364958465,0.015042849816381931,0.0
training_diagnostics_v1,7168,0.4931640625,0.287109375,0.29296875,0.2889642119407654,2.5282516479492188,ppo_train_projection,PPO trained with projection,1,3c5949efe582518ed18dd33bd0066b919e2240bf8d1a1675995de14bf291227d,True,C:\rl_projects\src\repos\rl-constrained-decision-making\runs\ConstrainedNavigation-v0__ppo_train_projection_51200_seed1__1__1786675727,1024.0,111.0,0.1083984375,0.04825543239712715,1.874549388885498,0.00012844405137002468,0.017392247915267944,0.0
training_diagnostics_v1,8192,0.548828125,0.3408203125,0.318359375,0.3075243830680847,2.82393217086792,ppo_train_projection,PPO trained with projection,1,3c5949efe582518ed18dd33bd0066b919e2240bf8d1a1675995de14bf291227d,True,C:\rl_projects\src\repos\rl-constrained-decision-making\runs\ConstrainedNavigation-v0__ppo_train_projection_51200_seed1__1__1786675727,1024.0,98.0,0.095703125,0.046956222504377365,2.0609116554260254,0.0001382080081384629,0.009409615769982338,0.0
training_diagnostics_v1,9216,0.53515625,0.31640625,0.314453125,0.31971070170402527,3.164440155029297,ppo_train_projection,PPO trained with projection,1,3c5949efe582518ed18dd33bd0066b919e2240bf8d1a1675995de14bf291227d,True,C:\rl_projects\src\repos\rl-constrained-decision-making\runs\ConstrainedNavigation-v0__ppo_train_projection_51200_seed1__1__1786675727,1024.0,156.0,0.15234375,0.07317346334457397,1.9369776248931885,0.00017690686217974871,0.009280279278755188,0.0
training_diagnostics_v1,10240,0.541015625,0.3154296875,0.3291015625,0.318803995847702,2.550446033477783,ppo_train_projection,PPO trained with projection,1,3c5949efe582518ed18dd33bd0066b919e2240bf8d1a1675995de14bf291227d,True,C:\rl_projects\src\repos\rl-constrained-decision-making\runs\ConstrainedNavigation-v0__ppo_train_projection_51200_seed1__1__1786675727,1024.0,150.0,0.146484375,0.08341269940137863,1.9152182340621948,0.00036276428727433085,0.025128953158855438,0.0
training_diagnostics_v1,11264,0.544921875,0.3076171875,0.3388671875,0.33555856347084045,2.7254831790924072,ppo_train_projection,PPO trained with projection,1,3c5949efe582518ed18dd33bd0066b919e2240bf8d1a1675995de14bf291227d,True,C:\rl_projects\src\repos\rl-constrained-decision-making\runs\ConstrainedNavigation-v0__ppo_train_projection_51200_seed1__1__1786675727,1024.0,196.0,0.19140625,0.11246256530284882,2.0475833415985107,0.0003621801151894033,0.013643310405313969,0.0
training_diagnostics_v1,12288,0.5478515625,0.3486328125,0.3037109375,0.3454088270664215,3.38187837600708,ppo_train_projection,PPO trained with projection,1,3c5949efe582518ed18dd33bd0066b919e2240bf8d1a1675995de14bf291227d,True,C:\rl_projects\src\repos\rl-constrained-decision-making\runs\ConstrainedNavigation-v0__ppo_train_projection_51200_seed1__1__1786675727,1024.0,136.0,0.1328125,0.052697230130434036,1.5834342241287231,0.00010629975440679118,0.006936772260814905,0.0
training_diagnostics_v1,13312,0.5341796875,0.337890625,0.3046875,0.320719838142395,2.652714967727661,ppo_train_projection,PPO trained with projection,1,3c5949efe582518ed18dd33bd0066b919e2240bf8d1a1675995de14bf291227d,True,C:\rl_projects\src\repos\rl-constrained-decision-making\runs\ConstrainedNavigation-v0__ppo_train_projection_51200_seed1__1__1786675727,1024.0,232.0,0.2265625,0.10775375366210938,2.0011608600616455,0.00025752498186193407,0.012697852216660976,0.0
training_diagnostics_v1,14336,0.55078125,0.35546875,0.294921875,0.3378019332885742,4.665215492248535,ppo_train_projection,PPO trained with projection,1,3c5949efe582518ed18dd33bd0066b919e2240bf8d1a1675995de14bf291227d,True,C:\rl_projects\src\repos\rl-constrained-decision-making\runs\ConstrainedNavigation-v0__ppo_train_projection_51200_seed1__1__1786675727,1024.0,92.0,0.08984375,0.043522659689188004,1.9821773767471313,0.00010472290159668773,0.00926761981099844,0.0
training_diagnostics_v1,15360,0.55078125,0.3212890625,0.3203125,0.34031620621681213,2.9774510860443115,ppo_train_projection,PPO trained with projection,1,3c5949efe582518ed18dd33bd0066b919e2240bf8d1a1675995de14bf291227d,True,C:\rl_projects\src\repos\rl-constrained-decision-making\runs\ConstrainedNavigation-v0__ppo_train_projection_51200_seed1__1__1786675727,1024.0,142.0,0.138671875,0.07262256741523743,1.7439860105514526,0.00017943355487659574,0.009329748339951038,0.0
training_diagnostics_v1,16384,0.53515625,0.328125,0.3095703125,0.3221796452999115,2.3878464698791504,ppo_train_projection,PPO trained with projection,1,3c5949efe582518ed18dd33bd0066b919e2240bf8d1a1675995de14bf291227d,True,C:\rl_projects\src\repos\rl-constrained-decision-making\runs\ConstrainedNavigation-v0__ppo_train_projection_51200_seed1__1__1786675727,1024.0,298.0,0.291015625,0.1638660728931427,2.0528855323791504,0.0005643615149892867,0.02080288715660572,0.0
training_diagnostics_v1,17408,0.560546875,0.34765625,0.3330078125,0.3576965928077698,2.6358306407928467,ppo_train_projection,PPO trained with projection,1,3c5949efe582518ed18dd33bd0066b919e2240bf8d1a1675995de14bf291227d,True,C:\rl_projects\src\repos\rl-constrained-decision-making\runs\ConstrainedNavigation-v0__ppo_train_projection_51200_seed1__1__1786675727,1024.0,263.0,0.2568359375,0.1340695470571518,1.9874252080917358,0.00040369265479967,0.021514469757676125,0.0
training_diagnostics_v1,18432,0.580078125,0.341796875,0.3583984375,0.3666798174381256,2.3853354454040527,ppo_train_projection,PPO trained with projection,1,3c5949efe582518ed18dd33bd0066b919e2240bf8d1a1675995de14bf291227d,True,C:\rl_projects\src\repos\rl-constrained-decision-making\runs\ConstrainedNavigation-v0__ppo_train_projection_51200_seed1__1__1786675727,1024.0,180.0,0.17578125,0.07999571412801743,1.738742709159851,0.00018391698540654033,0.00928854662925005,0.0
training_diagnostics_v1,19456,0.5537109375,0.380859375,0.283203125,0.33656761050224304,2.248270273208618,ppo_train_projection,PPO trained with projection,1,3c5949efe582518ed18dd33bd0066b919e2240bf8d1a1675995de14bf291227d,True,C:\rl_projects\src\repos\rl-constrained-decision-making\runs\ConstrainedNavigation-v0__ppo_train_projection_51200_seed1__1__1786675727,1024.0,169.0,0.1650390625,0.10319137573242188,1.9477192163467407,0.0003243170212954283,0.014872174710035324,0.0
training_diagnostics_v1,20480,0.54296875,0.34375,0.302734375,0.3378908336162567,2.7414116859436035,ppo_train_projection,PPO trained with projection,1,3c5949efe582518ed18dd33bd0066b919e2240bf8d1a1675995de14bf291227d,True,C:\rl_projects\src\repos\rl-constrained-decision-making\runs\ConstrainedNavigation-v0__ppo_train_projection_51200_seed1__1__1786675727,1024.0,228.0,0.22265625,0.12780576944351196,2.135321617126465,0.00046264551929198205,0.019975753501057625,0.0
training_diagnostics_v1,21504,0.5703125,0.365234375,0.326171875,0.3651566505432129,2.812685966491699,ppo_train_projection,PPO trained with projection,1,3c5949efe582518ed18dd33bd0066b919e2240bf8d1a1675995de14bf291227d,True,C:\rl_projects\src\repos\rl-constrained-decision-making\runs\ConstrainedNavigation-v0__ppo_train_projection_51200_seed1__1__1786675727,1024.0,304.0,0.296875,0.18016654253005981,2.1303021907806396,0.0006096907891333103,0.017522193491458893,0.0
training_diagnostics_v1,22528,0.578125,0.3984375,0.3154296875,0.3934685289859772,2.4988036155700684,ppo_train_projection,PPO trained with projection,1,3c5949efe582518ed18dd33bd0066b919e2240bf8d1a1675995de14bf291227d,True,C:\rl_projects\src\repos\rl-constrained-decision-making\runs\ConstrainedNavigation-v0__ppo_train_projection_51200_seed1__1__1786675727,1024.0,178.0,0.173828125,0.09674947708845139,1.9105298519134521,0.0002795350446831435,0.013216906227171421,0.0
training_diagnostics_v1,23552,0.564453125,0.357421875,0.328125,0.3433752655982971,2.946690797805786,ppo_train_projection,PPO trained with projection,1,3c5949efe582518ed18dd33bd0066b919e2240bf8d1a1675995de14bf291227d,True,C:\rl_projects\src\repos\rl-constrained-decision-making\runs\ConstrainedNavigation-v0__ppo_train_projection_51200_seed1__1__1786675727,1024.0,306.0,0.298828125,0.1818600445985794,2.0759899616241455,0.00062671018531546,0.023382265120744705,0.0
training_diagnostics_v1,24576,0.5654296875,0.390625,0.296875,0.36284276843070984,2.626704216003418,ppo_train_projection,PPO trained with projection,1,3c5949efe582518ed18dd33bd0066b919e2240bf8d1a1675995de14bf291227d,True,C:\rl_projects\src\repos\rl-constrained-decision-making\runs\ConstrainedNavigation-v0__ppo_train_projection_51200_seed1__1__1786675727,1024.0,168.0,0.1640625,0.08825947344303131,1.8574751615524292,0.00021170508989598602,0.01563599519431591,0.0
training_diagnostics_v1,25600,0.5986328125,0.4189453125,0.3212890625,0.39936479926109314,2.899083137512207,ppo_train_projection,PPO trained with projection,1,3c5949efe582518ed18dd33bd0066b919e2240bf8d1a1675995de14bf291227d,True,C:\rl_projects\src\repos\rl-constrained-decision-making\runs\ConstrainedNavigation-v0__ppo_train_projection_51200_seed1__1__1786675727,1024.0,236.0,0.23046875,0.13931262493133545,1.8447154760360718,0.00043091748375445604,0.02048889920115471,0.0
training_diagnostics_v1,26624,0.599609375,0.3984375,0.326171875,0.38257500529289246,2.6981070041656494,ppo_train_projection,PPO trained with projection,1,3c5949efe582518ed18dd33bd0066b919e2240bf8d1a1675995de14bf291227d,True,C:\rl_projects\src\repos\rl-constrained-decision-making\runs\ConstrainedNavigation-v0__ppo_train_projection_51200_seed1__1__1786675727,1024.0,163.0,0.1591796875,0.10363217443227768,2.138640880584717,0.00034008026705123484,0.016114236786961555,0.0
training_diagnostics_v1,27648,0.6015625,0.3935546875,0.3388671875,0.3956567645072937,3.069098949432373,ppo_train_projection,PPO trained with projection,1,3c5949efe582518ed18dd33bd0066b919e2240bf8d1a1675995de14bf291227d,True,C:\rl_projects\src\repos\rl-constrained-decision-making\runs\ConstrainedNavigation-v0__ppo_train_projection_51200_seed1__1__1786675727,1024.0,262.0,0.255859375,0.1454639881849289,2.1031134128570557,0.0004474679008126259,0.018814263865351677,0.0
training_diagnostics_v1,28672,0.611328125,0.390625,0.349609375,0.4018385410308838,2.8872485160827637,ppo_train_projection,PPO trained with projection,1,3c5949efe582518ed18dd33bd0066b919e2240bf8d1a1675995de14bf291227d,True,C:\rl_projects\src\repos\rl-constrained-decision-making\runs\ConstrainedNavigation-v0__ppo_train_projection_51200_seed1__1__1786675727,1024.0,394.0,0.384765625,0.2631749212741852,2.1742615699768066,0.000909293768927455,0.01770443096756935,0.0
training_diagnostics_v1,29696,0.603515625,0.4111328125,0.30859375,0.4181528389453888,2.917055606842041,ppo_train_projection,PPO trained with projection,1,3c5949efe582518ed18dd33bd0066b919e2240bf8d1a1675995de14bf291227d,True,C:\rl_projects\src\repos\rl-constrained-decision-making\runs\ConstrainedNavigation-v0__ppo_train_projection_51200_seed1__1__1786675727,1024.0,209.0,0.2041015625,0.11471453309059143,1.9211639165878296,0.00031924809445627034,0.01602444052696228,0.0
training_diagnostics_v1,30720,0.5859375,0.3994140625,0.3017578125,0.4038645029067993,3.194770336151123,ppo_train_projection,PPO trained with projection,1,3c5949efe582518ed18dd33bd0066b919e2240bf8d1a1675995de14bf291227d,True,C:\rl_projects\src\repos\rl-constrained-decision-making\runs\ConstrainedNavigation-v0__ppo_train_projection_51200_seed1__1__1786675727,1024.0,371.0,0.3623046875,0.20874284207820892,2.170591115951538,0.0005895167123526335,0.013410274870693684,0.0
training_diagnostics_v1,31744,0.5908203125,0.412109375,0.2978515625,0.39437898993492126,2.380584716796875,ppo_train_projection,PPO trained with projection,1,3c5949efe582518ed18dd33bd0066b919e2240bf8d1a1675995de14bf291227d,True,C:\rl_projects\src\repos\rl-constrained-decision-making\runs\ConstrainedNavigation-v0__ppo_train_projection_51200_seed1__1__1786675727,1024.0,382.0,0.373046875,0.2418833076953888,2.131039619445801,0.0007205089787021279,0.01481404434889555,0.0
training_diagnostics_v1,32768,0.611328125,0.4033203125,0.3583984375,0.41031575202941895,2.816190004348755,ppo_train_projection,PPO trained with projection,1,3c5949efe582518ed18dd33bd0066b919e2240bf8d1a1675995de14bf291227d,True,C:\rl_projects\src\repos\rl-constrained-decision-making\runs\ConstrainedNavigation-v0__ppo_train_projection_51200_seed1__1__1786675727,1024.0,376.0,0.3671875,0.2426896095275879,2.1584179401397705,0.0008801975636743009,0.021665314212441444,0.0
training_diagnostics_v1,33792,0.583984375,0.40234375,0.3125,0.3938365578651428,2.599940776824951,ppo_train_projection,PPO trained with projection,1,3c5949efe582518ed18dd33bd0066b919e2240bf8d1a1675995de14bf291227d,True,C:\rl_projects\src\repos\rl-constrained-decision-making\runs\ConstrainedNavigation-v0__ppo_train_projection_51200_seed1__1__1786675727,1024.0,480.0,0.46875,0.28834542632102966,2.1897716522216797,0.0008630924858152866,0.019633479416370392,0.0
training_diagnostics_v1,34816,0.615234375,0.43359375,0.3125,0.4345766007900238,3.299543619155884,ppo_train_projection,PPO trained with projection,1,3c5949efe582518ed18dd33bd0066b919e2240bf8d1a1675995de14bf291227d,True,C:\rl_projects\src\repos\rl-constrained-decision-making\runs\ConstrainedNavigation-v0__ppo_train_projection_51200_seed1__1__1786675727,1024.0,374.0,0.365234375,0.20408351719379425,2.017510175704956,0.0004934709286317229,0.020023146644234657,0.0
training_diagnostics_v1,35840,0.576171875,0.40234375,0.2978515625,0.3796408176422119,2.487722158432007,ppo_train_projection,PPO trained with projection,1,3c5949efe582518ed18dd33bd0066b919e2240bf8d1a1675995de14bf291227d,True,C:\rl_projects\src\repos\rl-constrained-decision-making\runs\ConstrainedNavigation-v0__ppo_train_projection_51200_seed1__1__1786675727,1024.0,414.0,0.404296875,0.23957253992557526,2.1525187492370605,0.0007077673799358308,0.01599820703268051,0.0
training_diagnostics_v1,36864,0.6240234375,0.4501953125,0.3017578125,0.41673338413238525,3.1267242431640625,ppo_train_projection,PPO trained with projection,1,3c5949efe582518ed18dd33bd0066b919e2240bf8d1a1675995de14bf291227d,True,C:\rl_projects\src\repos\rl-constrained-decision-making\runs\ConstrainedNavigation-v0__ppo_train_projection_51200_seed1__1__1786675727,1024.0,355.0,0.3466796875,0.19105815887451172,2.069558620452881,0.0004908951232209802,0.010401909239590168,0.0
training_diagnostics_v1,37888,0.6279296875,0.4423828125,0.3271484375,0.40494504570961,2.5764670372009277,ppo_train_projection,PPO trained with projection,1,3c5949efe582518ed18dd33bd0066b919e2240bf8d1a1675995de14bf291227d,True,C:\rl_projects\src\repos\rl-constrained-decision-making\runs\ConstrainedNavigation-v0__ppo_train_projection_51200_seed1__1__1786675727,1024.0,431.0,0.4208984375,0.26755741238594055,2.131286859512329,0.0008189320797100663,0.022303493693470955,0.0
training_diagnostics_v1,38912,0.60546875,0.4287109375,0.3291015625,0.42664772272109985,3.0611042976379395,ppo_train_projection,PPO trained with projection,1,3c5949efe582518ed18dd33bd0066b919e2240bf8d1a1675995de14bf291227d,True,C:\rl_projects\src\repos\rl-constrained-decision-making\runs\ConstrainedNavigation-v0__ppo_train_projection_51200_seed1__1__1786675727,1024.0,492.0,0.48046875,0.32547634840011597,2.1841766834259033,0.0010830770479515195,0.019284605979919434,0.0
training_diagnostics_v1,39936,0.615234375,0.44921875,0.296875,0.4377646744251251,2.8440065383911133,ppo_train_projection,PPO trained with projection,1,3c5949efe582518ed18dd33bd0066b919e2240bf8d1a1675995de14bf291227d,True,C:\rl_projects\src\repos\rl-constrained-decision-making\runs\ConstrainedNavigation-v0__ppo_train_projection_51200_seed1__1__1786675727,1024.0,424.0,0.4140625,0.23861461877822876,2.047954797744751,0.0005886413273401558,0.009800492785871029,0.0
training_diagnostics_v1,40960,0.599609375,0.396484375,0.3330078125,0.4033815562725067,2.556863784790039,ppo_train_projection,PPO trained with projection,1,3c5949efe582518ed18dd33bd0066b919e2240bf8d1a1675995de14bf291227d,True,C:\rl_projects\src\repos\rl-constrained-decision-making\runs\ConstrainedNavigation-v0__ppo_train_projection_51200_seed1__1__1786675727,1024.0,433.0,0.4228515625,0.22934909164905548,2.0303337574005127,0.0006197941838763654,0.01690351590514183,0.0
training_diagnostics_v1,41984,0.626953125,0.4755859375,0.2978515625,0.4440832734107971,2.9264626502990723,ppo_train_projection,PPO trained with projection,1,3c5949efe582518ed18dd33bd0066b919e2240bf8d1a1675995de14bf291227d,True,C:\rl_projects\src\repos\rl-constrained-decision-making\runs\ConstrainedNavigation-v0__ppo_train_projection_51200_seed1__1__1786675727,1024.0,394.0,0.384765625,0.24695073068141937,2.1593480110168457,0.0007658800459466875,0.01568877138197422,0.0
training_diagnostics_v1,43008,0.6142578125,0.453125,0.2978515625,0.4255577325820923,3.199075222015381,ppo_train_projection,PPO trained with projection,1,3c5949efe582518ed18dd33bd0066b919e2240bf8d1a1675995de14bf291227d,True,C:\rl_projects\src\repos\rl-constrained-decision-making\runs\ConstrainedNavigation-v0__ppo_train_projection_51200_seed1__1__1786675727,1024.0,353.0,0.3447265625,0.23264609277248383,2.192817211151123,0.0008499868563376367,0.03176058083772659,0.0
training_diagnostics_v1,44032,0.6259765625,0.46875,0.2861328125,0.46363475918769836,3.134065866470337,ppo_train_projection,PPO trained with projection,1,3c5949efe582518ed18dd33bd0066b919e2240bf8d1a1675995de14bf291227d,True,C:\rl_projects\src\repos\rl-constrained-decision-making\runs\ConstrainedNavigation-v0__ppo_train_projection_51200_seed1__1__1786675727,1024.0,490.0,0.478515625,0.2913493812084198,2.0623722076416016,0.0007976685301400721,0.01957843452692032,0.0
training_diagnostics_v1,45056,0.6083984375,0.451171875,0.291015625,0.46105125546455383,3.448105812072754,ppo_train_projection,PPO trained with projection,1,3c5949efe582518ed18dd33bd0066b919e2240bf8d1a1675995de14bf291227d,True,C:\rl_projects\src\repos\rl-constrained-decision-making\runs\ConstrainedNavigation-v0__ppo_train_projection_51200_seed1__1__1786675727,1024.0,334.0,0.326171875,0.18392816185951233,2.020496129989624,0.00045787583803758025,0.012014240026473999,0.0
training_diagnostics_v1,46080,0.625,0.45703125,0.330078125,0.4349520802497864,2.924881935119629,ppo_train_projection,PPO trained with projection,1,3c5949efe582518ed18dd33bd0066b919e2240bf8d1a1675995de14bf291227d,True,C:\rl_projects\src\repos\rl-constrained-decision-making\runs\ConstrainedNavigation-v0__ppo_train_projection_51200_seed1__1__1786675727,1024.0,368.0,0.359375,0.24944274127483368,2.208874464035034,0.0008520209812559187,0.01774914562702179,0.0
training_diagnostics_v1,47104,0.6064453125,0.4267578125,0.3017578125,0.42317062616348267,3.020888328552246,ppo_train_projection,PPO trained with projection,1,3c5949efe582518ed18dd33bd0066b919e2240bf8d1a1675995de14bf291227d,True,C:\rl_projects\src\repos\rl-constrained-decision-making\runs\ConstrainedNavigation-v0__ppo_train_projection_51200_seed1__1__1786675727,1024.0,426.0,0.416015625,0.2660505771636963,2.1386172771453857,0.0009874277748167515,0.03295235335826874,0.0
training_diagnostics_v1,48128,0.6455078125,0.486328125,0.2978515625,0.4653165638446808,2.658275604248047,ppo_train_projection,PPO trained with projection,1,3c5949efe582518ed18dd33bd0066b919e2240bf8d1a1675995de14bf291227d,True,C:\rl_projects\src\repos\rl-constrained-decision-making\runs\ConstrainedNavigation-v0__ppo_train_projection_51200_seed1__1__1786675727,1024.0,350.0,0.341796875,0.19215233623981476,1.99244225025177,0.0004915614845231175,0.01300084125250578,0.0
training_diagnostics_v1,49152,0.599609375,0.455078125,0.2880859375,0.4198751747608185,3.1059346199035645,ppo_train_projection,PPO trained with projection,1,3c5949efe582518ed18dd33bd0066b919e2240bf8d1a1675995de14bf291227d,True,C:\rl_projects\src\repos\rl-constrained-decision-making\runs\ConstrainedNavigation-v0__ppo_train_projection_51200_seed1__1__1786675727,1024.0,355.0,0.3466796875,0.20246167480945587,2.17850661277771,0.0005501945270225406,0.01858091913163662,0.0
training_diagnostics_v1,50176,0.6396484375,0.45703125,0.32421875,0.465855211019516,3.556610345840454,ppo_train_projection,PPO trained with projection,1,3c5949efe582518ed18dd33bd0066b919e2240bf8d1a1675995de14bf291227d,True,C:\rl_projects\src\repos\rl-constrained-decision-making\runs\ConstrainedNavigation-v0__ppo_train_projection_51200_seed1__1__1786675727,1024.0,531.0,0.5185546875,0.3184945285320282,2.167734384536743,0.0008972426876425743,0.02002483233809471,0.0
training_diagnostics_v1,51200,0.640625,0.4609375,0.32421875,0.4496919810771942,3.7605648040771484,ppo_train_projection,PPO trained with projection,1,3c5949efe582518ed18dd33bd0066b919e2240bf8d1a1675995de14bf291227d,True,C:\rl_projects\src\repos\rl-constrained-decision-making\runs\ConstrainedNavigation-v0__ppo_train_projection_51200_seed1__1__1786675727,1024.0,435.0,0.4248046875,0.2680148184299469,2.1781890392303467,0.0007903899531811476,0.01719116047024727,0.0
training_diagnostics_v1,1024,0.525390625,0.306640625,0.33203125,0.3170766830444336,2.895127058029175,ppo_train_projection,PPO trained with projection,2,94a7e01271b6c4fdc2c40ab4df16731f351c85303fbfdd4a66df84cf7df61528,True,C:\rl_projects\src\repos\rl-constrained-decision-making\runs\ConstrainedNavigation-v0__ppo_train_projection_51200_seed2__2__1786765181,1024.0,86.0,0.083984375,0.04044423624873161,2.0126266479492188,8.970213821157813e-05,0.010336094535887241,0.0
training_diagnostics_v1,2048,0.525390625,0.306640625,0.3212890625,0.3203381597995758,3.39064884185791,ppo_train_projection,PPO trained with projection,2,94a7e01271b6c4fdc2c40ab4df16731f351c85303fbfdd4a66df84cf7df61528,True,C:\rl_projects\src\repos\rl-constrained-decision-making\runs\ConstrainedNavigation-v0__ppo_train_projection_51200_seed2__2__1786765181,1024.0,90.0,0.087890625,0.05201681703329086,1.8863637447357178,0.0001736581907607615,0.014597535133361816,0.0
training_diagnostics_v1,3072,0.546875,0.3232421875,0.3330078125,0.3297001123428345,2.434206008911133,ppo_train_projection,PPO trained with projection,2,94a7e01271b6c4fdc2c40ab4df16731f351c85303fbfdd4a66df84cf7df61528,True,C:\rl_projects\src\repos\rl-constrained-decision-making\runs\ConstrainedNavigation-v0__ppo_train_projection_51200_seed2__2__1786765181,1024.0,129.0,0.1259765625,0.07264229655265808,1.8356454372406006,0.00034922693157568574,0.02414648048579693,0.0
training_diagnostics_v1,4096,0.552734375,0.328125,0.3232421875,0.32872581481933594,3.0225954055786133,ppo_train_projection,PPO trained with projection,2,94a7e01271b6c4fdc2c40ab4df16731f351c85303fbfdd4a66df84cf7df61528,True,C:\rl_projects\src\repos\rl-constrained-decision-making\runs\ConstrainedNavigation-v0__ppo_train_projection_51200_seed2__2__1786765181,1024.0,105.0,0.1025390625,0.05770862475037575,1.8778804540634155,0.00019826598872896284,0.018402133136987686,0.0
training_diagnostics_v1,5120,0.560546875,0.33984375,0.330078125,0.3132997453212738,2.648449659347534,ppo_train_projection,PPO trained with projection,2,94a7e01271b6c4fdc2c40ab4df16731f351c85303fbfdd4a66df84cf7df61528,True,C:\rl_projects\src\repos\rl-constrained-decision-making\runs\ConstrainedNavigation-v0__ppo_train_projection_51200_seed2__2__1786765181,1024.0,87.0,0.0849609375,0.03987295180559158,1.8252589702606201,0.00011827432899735868,0.009638577699661255,0.0
training_diagnostics_v1,6144,0.5234375,0.3046875,0.3125,0.31444311141967773,2.757012128829956,ppo_train_projection,PPO trained with projection,2,94a7e01271b6c4fdc2c40ab4df16731f351c85303fbfdd4a66df84cf7df61528,True,C:\rl_projects\src\repos\rl-constrained-decision-making\runs\ConstrainedNavigation-v0__ppo_train_projection_51200_seed2__2__1786765181,1024.0,92.0,0.08984375,0.04074892774224281,1.9238827228546143,0.0001231674978043884,0.011266874149441719,0.0
training_diagnostics_v1,7168,0.5244140625,0.28125,0.3359375,0.28972604870796204,2.6664226055145264,ppo_train_projection,PPO trained with projection,2,94a7e01271b6c4fdc2c40ab4df16731f351c85303fbfdd4a66df84cf7df61528,True,C:\rl_projects\src\repos\rl-constrained-decision-making\runs\ConstrainedNavigation-v0__ppo_train_projection_51200_seed2__2__1786765181,1024.0,196.0,0.19140625,0.09113913029432297,1.856382966041565,0.000295857316814363,0.017824821174144745,0.0
training_diagnostics_v1,8192,0.5556640625,0.3408203125,0.3349609375,0.34129807353019714,3.002423048019409,ppo_train_projection,PPO trained with projection,2,94a7e01271b6c4fdc2c40ab4df16731f351c85303fbfdd4a66df84cf7df61528,True,C:\rl_projects\src\repos\rl-constrained-decision-making\runs\ConstrainedNavigation-v0__ppo_train_projection_51200_seed2__2__1786765181,1024.0,148.0,0.14453125,0.07581359893083572,1.9045225381851196,0.00024883580044843256,0.016778966411948204,0.0
training_diagnostics_v1,9216,0.5400390625,0.326171875,0.3232421875,0.3365118205547333,3.313723087310791,ppo_train_projection,PPO trained with projection,2,94a7e01271b6c4fdc2c40ab4df16731f351c85303fbfdd4a66df84cf7df61528,True,C:\rl_projects\src\repos\rl-constrained-decision-making\runs\ConstrainedNavigation-v0__ppo_train_projection_51200_seed2__2__1786765181,1024.0,154.0,0.150390625,0.08932354301214218,1.9366886615753174,0.00029675650876015425,0.011222180910408497,0.0
training_diagnostics_v1,10240,0.5439453125,0.330078125,0.3271484375,0.33931973576545715,2.784233808517456,ppo_train_projection,PPO trained with projection,2,94a7e01271b6c4fdc2c40ab4df16731f351c85303fbfdd4a66df84cf7df61528,True,C:\rl_projects\src\repos\rl-constrained-decision-making\runs\ConstrainedNavigation-v0__ppo_train_projection_51200_seed2__2__1786765181,1024.0,284.0,0.27734375,0.13545890152454376,1.8826528787612915,0.0004308782226871699,0.0160452239215374,0.0
training_diagnostics_v1,11264,0.5478515625,0.314453125,0.33984375,0.33307698369026184,2.640153169631958,ppo_train_projection,PPO trained with projection,2,94a7e01271b6c4fdc2c40ab4df16731f351c85303fbfdd4a66df84cf7df61528,True,C:\rl_projects\src\repos\rl-constrained-decision-making\runs\ConstrainedNavigation-v0__ppo_train_projection_51200_seed2__2__1786765181,1024.0,276.0,0.26953125,0.14856372773647308,1.9684208631515503,0.00047455684398300946,0.013980047777295113,0.0
training_diagnostics_v1,12288,0.5341796875,0.310546875,0.3203125,0.33013200759887695,3.171785354614258,ppo_train_projection,PPO trained with projection,2,94a7e01271b6c4fdc2c40ab4df16731f351c85303fbfdd4a66df84cf7df61528,True,C:\rl_projects\src\repos\rl-constrained-decision-making\runs\ConstrainedNavigation-v0__ppo_train_projection_51200_seed2__2__1786765181,1024.0,202.0,0.197265625,0.10399340093135834,1.8985029458999634,0.0002889428869821131,0.014847109094262123,0.0
training_diagnostics_v1,13312,0.564453125,0.333984375,0.3349609375,0.35449284315109253,2.8387365341186523,ppo_train_projection,PPO trained with projection,2,94a7e01271b6c4fdc2c40ab4df16731f351c85303fbfdd4a66df84cf7df61528,True,C:\rl_projects\src\repos\rl-constrained-decision-making\runs\ConstrainedNavigation-v0__ppo_train_projection_51200_seed2__2__1786765181,1024.0,235.0,0.2294921875,0.13413012027740479,2.049185037612915,0.0005118230474181473,0.015656422823667526,0.0
training_diagnostics_v1,14336,0.537109375,0.328125,0.3173828125,0.34276282787323,3.078011989593506,ppo_train_projection,PPO trained with projection,2,94a7e01271b6c4fdc2c40ab4df16731f351c85303fbfdd4a66df84cf7df61528,True,C:\rl_projects\src\repos\rl-constrained-decision-making\runs\ConstrainedNavigation-v0__ppo_train_projection_51200_seed2__2__1786765181,1024.0,230.0,0.224609375,0.10818113386631012,1.9866548776626587,0.0002994674432557076,0.013765471056103706,0.0
training_diagnostics_v1,15360,0.552734375,0.32421875,0.345703125,0.35541296005249023,3.135631561279297,ppo_train_projection,PPO trained with projection,2,94a7e01271b6c4fdc2c40ab4df16731f351c85303fbfdd4a66df84cf7df61528,True,C:\rl_projects\src\repos\rl-constrained-decision-making\runs\ConstrainedNavigation-v0__ppo_train_projection_51200_seed2__2__1786765181,1024.0,273.0,0.2666015625,0.14646176993846893,2.0660970211029053,0.00044501060619950294,0.013916957192122936,0.0
training_diagnostics_v1,16384,0.5341796875,0.3203125,0.318359375,0.3328162431716919,2.486750364303589,ppo_train_projection,PPO trained with projection,2,94a7e01271b6c4fdc2c40ab4df16731f351c85303fbfdd4a66df84cf7df61528,True,C:\rl_projects\src\repos\rl-constrained-decision-making\runs\ConstrainedNavigation-v0__ppo_train_projection_51200_seed2__2__1786765181,1024.0,317.0,0.3095703125,0.16610240936279297,1.9204343557357788,0.0005910371546633542,0.0165354385972023,0.0
training_diagnostics_v1,17408,0.56640625,0.333984375,0.3515625,0.379070520401001,3.3152389526367188,ppo_train_projection,PPO trained with projection,2,94a7e01271b6c4fdc2c40ab4df16731f351c85303fbfdd4a66df84cf7df61528,True,C:\rl_projects\src\repos\rl-constrained-decision-making\runs\ConstrainedNavigation-v0__ppo_train_projection_51200_seed2__2__1786765181,1024.0,215.0,0.2099609375,0.10988763719797134,1.9567257165908813,0.0002795431937556714,0.01199182216078043,0.0
training_diagnostics_v1,18432,0.533203125,0.31640625,0.3271484375,0.3438922166824341,3.107907295227051,ppo_train_projection,PPO trained with projection,2,94a7e01271b6c4fdc2c40ab4df16731f351c85303fbfdd4a66df84cf7df61528,True,C:\rl_projects\src\repos\rl-constrained-decision-making\runs\ConstrainedNavigation-v0__ppo_train_projection_51200_seed2__2__1786765181,1024.0,243.0,0.2373046875,0.12080027163028717,1.9759305715560913,0.00030340629746206105,0.01485804095864296,0.0
training_diagnostics_v1,19456,0.5673828125,0.3359375,0.337890625,0.3576631247997284,2.9105496406555176,ppo_train_projection,PPO trained with projection,2,94a7e01271b6c4fdc2c40ab4df16731f351c85303fbfdd4a66df84cf7df61528,True,C:\rl_projects\src\repos\rl-constrained-decision-making\runs\ConstrainedNavigation-v0__ppo_train_projection_51200_seed2__2__1786765181,1024.0,280.0,0.2734375,0.13045679032802582,1.8794338703155518,0.00034626529668457806,0.01260499469935894,0.0
training_diagnostics_v1,20480,0.5546875,0.3359375,0.33203125,0.3542732000350952,2.7306201457977295,ppo_train_projection,PPO trained with projection,2,94a7e01271b6c4fdc2c40ab4df16731f351c85303fbfdd4a66df84cf7df61528,True,C:\rl_projects\src\repos\rl-constrained-decision-making\runs\ConstrainedNavigation-v0__ppo_train_projection_51200_seed2__2__1786765181,1024.0,297.0,0.2900390625,0.16944363713264465,2.1959779262542725,0.0005067306337878108,0.01882816292345524,0.0
training_diagnostics_v1,21504,0.5537109375,0.3349609375,0.3427734375,0.37368491291999817,3.2127957344055176,ppo_train_projection,PPO trained with projection,2,94a7e01271b6c4fdc2c40ab4df16731f351c85303fbfdd4a66df84cf7df61528,True,C:\rl_projects\src\repos\rl-constrained-decision-making\runs\ConstrainedNavigation-v0__ppo_train_projection_51200_seed2__2__1786765181,1024.0,431.0,0.4208984375,0.21142706274986267,1.9432657957077026,0.0006318216328509152,0.02202269621193409,0.0
training_diagnostics_v1,22528,0.5751953125,0.35546875,0.3232421875,0.3873743414878845,2.8909904956817627,ppo_train_projection,PPO trained with projection,2,94a7e01271b6c4fdc2c40ab4df16731f351c85303fbfdd4a66df84cf7df61528,True,C:\rl_projects\src\repos\rl-constrained-decision-making\runs\ConstrainedNavigation-v0__ppo_train_projection_51200_seed2__2__1786765181,1024.0,378.0,0.369140625,0.20945248007774353,2.1273343563079834,0.00074858742300421,0.0190237108618021,0.0
training_diagnostics_v1,23552,0.576171875,0.3359375,0.3642578125,0.3669169247150421,2.836711883544922,ppo_train_projection,PPO trained with projection,2,94a7e01271b6c4fdc2c40ab4df16731f351c85303fbfdd4a66df84cf7df61528,True,C:\rl_projects\src\repos\rl-constrained-decision-making\runs\ConstrainedNavigation-v0__ppo_train_projection_51200_seed2__2__1786765181,1024.0,463.0,0.4521484375,0.266213059425354,2.2001495361328125,0.0008252488914877176,0.02257901430130005,0.0
training_diagnostics_v1,24576,0.5966796875,0.3740234375,0.3486328125,0.37819039821624756,3.033651351928711,ppo_train_projection,PPO trained with projection,2,94a7e01271b6c4fdc2c40ab4df16731f351c85303fbfdd4a66df84cf7df61528,True,C:\rl_projects\src\repos\rl-constrained-decision-making\runs\ConstrainedNavigation-v0__ppo_train_projection_51200_seed2__2__1786765181,1024.0,357.0,0.3486328125,0.20993004739284515,2.1326310634613037,0.0007986896671354771,0.018802687525749207,0.0
training_diagnostics_v1,25600,0.5673828125,0.3525390625,0.3427734375,0.3544604480266571,2.773815393447876,ppo_train_projection,PPO trained with projection,2,94a7e01271b6c4fdc2c40ab4df16731f351c85303fbfdd4a66df84cf7df61528,True,C:\rl_projects\src\repos\rl-constrained-decision-making\runs\ConstrainedNavigation-v0__ppo_train_projection_51200_seed2__2__1786765181,1024.0,440.0,0.4296875,0.25156378746032715,2.165637969970703,0.000863166234921664,0.029058227315545082,0.0
training_diagnostics_v1,26624,0.5673828125,0.3486328125,0.333984375,0.35327333211898804,2.8370091915130615,ppo_train_projection,PPO trained with projection,2,94a7e01271b6c4fdc2c40ab4df16731f351c85303fbfdd4a66df84cf7df61528,True,C:\rl_projects\src\repos\rl-constrained-decision-making\runs\ConstrainedNavigation-v0__ppo_train_projection_51200_seed2__2__1786765181,1024.0,354.0,0.345703125,0.17710958421230316,2.030747652053833,0.0004553294274955988,0.01339265238493681,0.0
training_diagnostics_v1,27648,0.5693359375,0.34765625,0.3427734375,0.35832059383392334,3.77746844291687,ppo_train_projection,PPO trained with projection,2,94a7e01271b6c4fdc2c40ab4df16731f351c85303fbfdd4a66df84cf7df61528,True,C:\rl_projects\src\repos\rl-constrained-decision-making\runs\ConstrainedNavigation-v0__ppo_train_projection_51200_seed2__2__1786765181,1024.0,266.0,0.259765625,0.12670037150382996,1.9330554008483887,0.00029087832081131637,0.008603510446846485,0.0
training_diagnostics_v1,28672,0.5654296875,0.337890625,0.33203125,0.35954010486602783,2.631983518600464,ppo_train_projection,PPO trained with projection,2,94a7e01271b6c4fdc2c40ab4df16731f351c85303fbfdd4a66df84cf7df61528,True,C:\rl_projects\src\repos\rl-constrained-decision-making\runs\ConstrainedNavigation-v0__ppo_train_projection_51200_seed2__2__1786765181,1024.0,361.0,0.3525390625,0.17203068733215332,1.8246668577194214,0.0004398550954647362,0.014124288223683834,0.0
training_diagnostics_v1,29696,0.5693359375,0.34765625,0.3505859375,0.3680150806903839,2.6943745613098145,ppo_train_projection,PPO trained with projection,2,94a7e01271b6c4fdc2c40ab4df16731f351c85303fbfdd4a66df84cf7df61528,True,C:\rl_projects\src\repos\rl-constrained-decision-making\runs\ConstrainedNavigation-v0__ppo_train_projection_51200_seed2__2__1786765181,1024.0,324.0,0.31640625,0.1716642528772354,2.076803684234619,0.0005036374204792082,0.01730075292289257,0.0
training_diagnostics_v1,30720,0.5712890625,0.3525390625,0.33203125,0.3597748279571533,2.3833229541778564,ppo_train_projection,PPO trained with projection,2,94a7e01271b6c4fdc2c40ab4df16731f351c85303fbfdd4a66df84cf7df61528,True,C:\rl_projects\src\repos\rl-constrained-decision-making\runs\ConstrainedNavigation-v0__ppo_train_projection_51200_seed2__2__1786765181,1024.0,292.0,0.28515625,0.13553689420223236,1.9352887868881226,0.0003411412762943655,0.021187836304306984,0.0
training_diagnostics_v1,31744,0.560546875,0.3447265625,0.3291015625,0.35791918635368347,3.134258508682251,ppo_train_projection,PPO trained with projection,2,94a7e01271b6c4fdc2c40ab4df16731f351c85303fbfdd4a66df84cf7df61528,True,C:\rl_projects\src\repos\rl-constrained-decision-making\runs\ConstrainedNavigation-v0__ppo_train_projection_51200_seed2__2__1786765181,1024.0,435.0,0.4248046875,0.22707991302013397,2.035149335861206,0.0006422800943255424,0.014350383542478085,0.0
training_diagnostics_v1,32768,0.6005859375,0.3720703125,0.37109375,0.40409231185913086,3.928910970687866,ppo_train_projection,PPO trained with projection,2,94a7e01271b6c4fdc2c40ab4df16731f351c85303fbfdd4a66df84cf7df61528,True,C:\rl_projects\src\repos\rl-constrained-decision-making\runs\ConstrainedNavigation-v0__ppo_train_projection_51200_seed2__2__1786765181,1024.0,358.0,0.349609375,0.2176791876554489,2.146929979324341,0.0007603054400533438,0.019236434251070023,0.0
training_diagnostics_v1,33792,0.5859375,0.3701171875,0.349609375,0.36466190218925476,3.0133180618286133,ppo_train_projection,PPO trained with projection,2,94a7e01271b6c4fdc2c40ab4df16731f351c85303fbfdd4a66df84cf7df61528,True,C:\rl_projects\src\repos\rl-constrained-decision-making\runs\ConstrainedNavigation-v0__ppo_train_projection_51200_seed2__2__1786765181,1024.0,378.0,0.369140625,0.23586341738700867,2.1623830795288086,0.000849660427775234,0.015834107995033264,0.0
training_diagnostics_v1,34816,0.5537109375,0.349609375,0.32421875,0.36624908447265625,3.227226972579956,ppo_train_projection,PPO trained with projection,2,94a7e01271b6c4fdc2c40ab4df16731f351c85303fbfdd4a66df84cf7df61528,True,C:\rl_projects\src\repos\rl-constrained-decision-making\runs\ConstrainedNavigation-v0__ppo_train_projection_51200_seed2__2__1786765181,1024.0,365.0,0.3564453125,0.2150304913520813,2.1429731845855713,0.0007014833390712738,0.016072990372776985,0.0
training_diagnostics_v1,35840,0.6005859375,0.3828125,0.36328125,0.4114174544811249,3.5684902667999268,ppo_train_projection,PPO trained with projection,2,94a7e01271b6c4fdc2c40ab4df16731f351c85303fbfdd4a66df84cf7df61528,True,C:\rl_projects\src\repos\rl-constrained-decision-making\runs\ConstrainedNavigation-v0__ppo_train_projection_51200_seed2__2__1786765181,1024.0,312.0,0.3046875,0.21499186754226685,2.1468071937561035,0.0008574548992328346,0.02292316034436226,0.0
training_diagnostics_v1,36864,0.62109375,0.3798828125,0.3779296875,0.4118292033672333,3.083794116973877,ppo_train_projection,PPO trained with projection,2,94a7e01271b6c4fdc2c40ab4df16731f351c85303fbfdd4a66df84cf7df61528,True,C:\rl_projects\src\repos\rl-constrained-decision-making\runs\ConstrainedNavigation-v0__ppo_train_projection_51200_seed2__2__1786765181,1024.0,410.0,0.400390625,0.21985694766044617,2.0280377864837646,0.0006238168571144342,0.02254684641957283,0.0
training_diagnostics_v1,37888,0.5703125,0.35546875,0.33203125,0.36623623967170715,3.063396453857422,ppo_train_projection,PPO trained with projection,2,94a7e01271b6c4fdc2c40ab4df16731f351c85303fbfdd4a66df84cf7df61528,True,C:\rl_projects\src\repos\rl-constrained-decision-making\runs\ConstrainedNavigation-v0__ppo_train_projection_51200_seed2__2__1786765181,1024.0,420.0,0.41015625,0.24589936435222626,2.1778576374053955,0.0007846838561818004,0.016716953366994858,0.0
training_diagnostics_v1,38912,0.576171875,0.3662109375,0.33984375,0.3995668590068817,3.2860782146453857,ppo_train_projection,PPO trained with projection,2,94a7e01271b6c4fdc2c40ab4df16731f351c85303fbfdd4a66df84cf7df61528,True,C:\rl_projects\src\repos\rl-constrained-decision-making\runs\ConstrainedNavigation-v0__ppo_train_projection_51200_seed2__2__1786765181,1024.0,330.0,0.322265625,0.18452124297618866,2.2042407989501953,0.0004955748445354402,0.011815243400633335,0.0
training_diagnostics_v1,39936,0.6142578125,0.4052734375,0.361328125,0.43880942463874817,3.795647382736206,ppo_train_projection,PPO trained with projection,2,94a7e01271b6c4fdc2c40ab4df16731f351c85303fbfdd4a66df84cf7df61528,True,C:\rl_projects\src\repos\rl-constrained-decision-making\runs\ConstrainedNavigation-v0__ppo_train_projection_51200_seed2__2__1786765181,1024.0,313.0,0.3056640625,0.17669342458248138,2.2059924602508545,0.0005219201557338238,0.02067911997437477,0.0
training_diagnostics_v1,40960,0.615234375,0.38671875,0.365234375,0.41204434633255005,3.384066581726074,ppo_train_projection,PPO trained with projection,2,94a7e01271b6c4fdc2c40ab4df16731f351c85303fbfdd4a66df84cf7df61528,True,C:\rl_projects\src\repos\rl-constrained-decision-making\runs\ConstrainedNavigation-v0__ppo_train_projection_51200_seed2__2__1786765181,1024.0,412.0,0.40234375,0.26246151328086853,2.2071049213409424,0.0009122290648519993,0.01876749098300934,0.0
training_diagnostics_v1,41984,0.5966796875,0.3974609375,0.3330078125,0.40403860807418823,2.634885787963867,ppo_train_projection,PPO trained with projection,2,94a7e01271b6c4fdc2c40ab4df16731f351c85303fbfdd4a66df84cf7df61528,True,C:\rl_projects\src\repos\rl-constrained-decision-making\runs\ConstrainedNavigation-v0__ppo_train_projection_51200_seed2__2__1786765181,1024.0,422.0,0.412109375,0.2398853302001953,2.028022289276123,0.0009312710608355701,0.034455932676792145,0.0
training_diagnostics_v1,43008,0.591796875,0.4169921875,0.3271484375,0.40468424558639526,2.471609592437744,ppo_train_projection,PPO trained with projection,2,94a7e01271b6c4fdc2c40ab4df16731f351c85303fbfdd4a66df84cf7df61528,True,C:\rl_projects\src\repos\rl-constrained-decision-making\runs\ConstrainedNavigation-v0__ppo_train_projection_51200_seed2__2__1786765181,1024.0,407.0,0.3974609375,0.19207467138767242,2.07627010345459,0.0004477654292713851,0.0225919708609581,0.0
training_diagnostics_v1,44032,0.6025390625,0.400390625,0.326171875,0.4085753560066223,2.803319215774536,ppo_train_projection,PPO trained with projection,2,94a7e01271b6c4fdc2c40ab4df16731f351c85303fbfdd4a66df84cf7df61528,True,C:\rl_projects\src\repos\rl-constrained-decision-making\runs\ConstrainedNavigation-v0__ppo_train_projection_51200_seed2__2__1786765181,1024.0,440.0,0.4296875,0.2394305169582367,2.1513097286224365,0.0007897940813563764,0.03444656729698181,0.0
training_diagnostics_v1,45056,0.623046875,0.3876953125,0.3701171875,0.4477944076061249,3.422215700149536,ppo_train_projection,PPO trained with projection,2,94a7e01271b6c4fdc2c40ab4df16731f351c85303fbfdd4a66df84cf7df61528,True,C:\rl_projects\src\repos\rl-constrained-decision-making\runs\ConstrainedNavigation-v0__ppo_train_projection_51200_seed2__2__1786765181,1024.0,426.0,0.416015625,0.2892061769962311,2.217322826385498,0.0010190769098699093,0.014320834539830685,0.0
training_diagnostics_v1,46080,0.5966796875,0.3935546875,0.328125,0.40390342473983765,2.8398849964141846,ppo_train_projection,PPO trained with projection,2,94a7e01271b6c4fdc2c40ab4df16731f351c85303fbfdd4a66df84cf7df61528,True,C:\rl_projects\src\repos\rl-constrained-decision-making\runs\ConstrainedNavigation-v0__ppo_train_projection_51200_seed2__2__1786765181,1024.0,486.0,0.474609375,0.27625250816345215,2.2066121101379395,0.0007923077209852636,0.016026396304368973,0.0
training_diagnostics_v1,47104,0.5888671875,0.369140625,0.3232421875,0.4016759991645813,3.638777494430542,ppo_train_projection,PPO trained with projection,2,94a7e01271b6c4fdc2c40ab4df16731f351c85303fbfdd4a66df84cf7df61528,True,C:\rl_projects\src\repos\rl-constrained-decision-making\runs\ConstrainedNavigation-v0__ppo_train_projection_51200_seed2__2__1786765181,1024.0,367.0,0.3583984375,0.1797429472208023,1.9171026945114136,0.0004908115952275693,0.026916101574897766,0.0
training_diagnostics_v1,48128,0.61328125,0.396484375,0.357421875,0.4092150628566742,3.4617090225219727,ppo_train_projection,PPO trained with projection,2,94a7e01271b6c4fdc2c40ab4df16731f351c85303fbfdd4a66df84cf7df61528,True,C:\rl_projects\src\repos\rl-constrained-decision-making\runs\ConstrainedNavigation-v0__ppo_train_projection_51200_seed2__2__1786765181,1024.0,506.0,0.494140625,0.2969769239425659,2.2268593311309814,0.0008844634867273271,0.014568514190614223,0.0
training_diagnostics_v1,49152,0.6083984375,0.4013671875,0.34375,0.41756683588027954,3.68643856048584,ppo_train_projection,PPO trained with projection,2,94a7e01271b6c4fdc2c40ab4df16731f351c85303fbfdd4a66df84cf7df61528,True,C:\rl_projects\src\repos\rl-constrained-decision-making\runs\ConstrainedNavigation-v0__ppo_train_projection_51200_seed2__2__1786765181,1024.0,373.0,0.3642578125,0.22751697897911072,2.220120906829834,0.0007984002586454153,0.014367490075528622,0.0
training_diagnostics_v1,50176,0.61328125,0.3955078125,0.3388671875,0.41988176107406616,3.21183705329895,ppo_train_projection,PPO trained with projection,2,94a7e01271b6c4fdc2c40ab4df16731f351c85303fbfdd4a66df84cf7df61528,True,C:\rl_projects\src\repos\rl-constrained-decision-making\runs\ConstrainedNavigation-v0__ppo_train_projection_51200_seed2__2__1786765181,1024.0,429.0,0.4189453125,0.20725789666175842,1.96364426612854,0.0005127352196723223,0.022716954350471497,0.0
training_diagnostics_v1,51200,0.591796875,0.404296875,0.31640625,0.41817277669906616,3.0824642181396484,ppo_train_projection,PPO trained with projection,2,94a7e01271b6c4fdc2c40ab4df16731f351c85303fbfdd4a66df84cf7df61528,True,C:\rl_projects\src\repos\rl-constrained-decision-making\runs\ConstrainedNavigation-v0__ppo_train_projection_51200_seed2__2__1786765181,1024.0,432.0,0.421875,0.24810904264450073,2.171123743057251,0.0006980951293371618,0.015290400944650173,0.0
training_diagnostics_v1,1024,0.53125,0.3251953125,0.306640625,0.29561272263526917,2.7703628540039062,ppo_train_projection,PPO trained with projection,3,8dd06c30b16fafd91d3e679f5262588e83f69345442e3f605e40213d266208ef,True,C:\rl_projects\src\repos\rl-constrained-decision-making\runs\ConstrainedNavigation-v0__ppo_train_projection_51200_seed3__3__1786766584,1024.0,146.0,0.142578125,0.06364261358976364,1.651855230331421,0.0001577741204528138,0.009414640255272388,0.0
training_diagnostics_v1,2048,0.50390625,0.3212890625,0.2861328125,0.28892213106155396,2.43540096282959,ppo_train_projection,PPO trained with projection,3,8dd06c30b16fafd91d3e679f5262588e83f69345442e3f605e40213d266208ef,True,C:\rl_projects\src\repos\rl-constrained-decision-making\runs\ConstrainedNavigation-v0__ppo_train_projection_51200_seed3__3__1786766584,1024.0,171.0,0.1669921875,0.1032385304570198,2.063143014907837,0.0004186836304143071,0.022972827777266502,0.0
training_diagnostics_v1,3072,0.544921875,0.3330078125,0.3369140625,0.3197069764137268,2.6999619007110596,ppo_train_projection,PPO trained with projection,3,8dd06c30b16fafd91d3e679f5262588e83f69345442e3f605e40213d266208ef,True,C:\rl_projects\src\repos\rl-constrained-decision-making\runs\ConstrainedNavigation-v0__ppo_train_projection_51200_seed3__3__1786766584,1024.0,200.0,0.1953125,0.13135816156864166,1.9603549242019653,0.0004284483438823372,0.012423260137438774,0.0
training_diagnostics_v1,4096,0.537109375,0.322265625,0.3125,0.31444621086120605,2.6683263778686523,ppo_train_projection,PPO trained with projection,3,8dd06c30b16fafd91d3e679f5262588e83f69345442e3f605e40213d266208ef,True,C:\rl_projects\src\repos\rl-constrained-decision-making\runs\ConstrainedNavigation-v0__ppo_train_projection_51200_seed3__3__1786766584,1024.0,150.0,0.146484375,0.07457111030817032,1.839322805404663,0.00019129975407849997,0.011582697741687298,0.0
training_diagnostics_v1,5120,0.529296875,0.296875,0.3291015625,0.30907878279685974,2.687070846557617,ppo_train_projection,PPO trained with projection,3,8dd06c30b16fafd91d3e679f5262588e83f69345442e3f605e40213d266208ef,True,C:\rl_projects\src\repos\rl-constrained-decision-making\runs\ConstrainedNavigation-v0__ppo_train_projection_51200_seed3__3__1786766584,1024.0,199.0,0.1943359375,0.11122861504554749,2.101165771484375,0.00041537449578754604,0.02589406631886959,0.0
training_diagnostics_v1,6144,0.5322265625,0.3115234375,0.32421875,0.31436964869499207,2.975135087966919,ppo_train_projection,PPO trained with projection,3,8dd06c30b16fafd91d3e679f5262588e83f69345442e3f605e40213d266208ef,True,C:\rl_projects\src\repos\rl-constrained-decision-making\runs\ConstrainedNavigation-v0__ppo_train_projection_51200_seed3__3__1786766584,1024.0,180.0,0.17578125,0.09287780523300171,2.066607713699341,0.00029438576893880963,0.013138340786099434,0.0
training_diagnostics_v1,7168,0.5400390625,0.31640625,0.3330078125,0.31971195340156555,2.468986988067627,ppo_train_projection,PPO trained with projection,3,8dd06c30b16fafd91d3e679f5262588e83f69345442e3f605e40213d266208ef,True,C:\rl_projects\src\repos\rl-constrained-decision-making\runs\ConstrainedNavigation-v0__ppo_train_projection_51200_seed3__3__1786766584,1024.0,194.0,0.189453125,0.12247966974973679,2.0592830181121826,0.0004850279656238854,0.020694898441433907,0.0
training_diagnostics_v1,8192,0.548828125,0.3369140625,0.326171875,0.3276787996292114,2.275467872619629,ppo_train_projection,PPO trained with projection,3,8dd06c30b16fafd91d3e679f5262588e83f69345442e3f605e40213d266208ef,True,C:\rl_projects\src\repos\rl-constrained-decision-making\runs\ConstrainedNavigation-v0__ppo_train_projection_51200_seed3__3__1786766584,1024.0,184.0,0.1796875,0.09732112288475037,1.8946346044540405,0.00034916758886538446,0.014678786508738995,0.0
training_diagnostics_v1,9216,0.529296875,0.322265625,0.326171875,0.3460235297679901,2.338920831680298,ppo_train_projection,PPO trained with projection,3,8dd06c30b16fafd91d3e679f5262588e83f69345442e3f605e40213d266208ef,True,C:\rl_projects\src\repos\rl-constrained-decision-making\runs\ConstrainedNavigation-v0__ppo_train_projection_51200_seed3__3__1786766584,1024.0,227.0,0.2216796875,0.13669268786907196,2.0501961708068848,0.000503780145663768,0.017789199948310852,0.0
training_diagnostics_v1,10240,0.529296875,0.3193359375,0.310546875,0.30317434668540955,2.5564754009246826,ppo_train_projection,PPO trained with projection,3,8dd06c30b16fafd91d3e679f5262588e83f69345442e3f605e40213d266208ef,True,C:\rl_projects\src\repos\rl-constrained-decision-making\runs\ConstrainedNavigation-v0__ppo_train_projection_51200_seed3__3__1786766584,1024.0,174.0,0.169921875,0.10010822117328644,2.1560111045837402,0.0003398822445888072,0.013573449105024338,0.0
training_diagnostics_v1,11264,0.5546875,0.3291015625,0.328125,0.341002881526947,2.6240010261535645,ppo_train_projection,PPO trained with projection,3,8dd06c30b16fafd91d3e679f5262588e83f69345442e3f605e40213d266208ef,True,C:\rl_projects\src\repos\rl-constrained-decision-making\runs\ConstrainedNavigation-v0__ppo_train_projection_51200_seed3__3__1786766584,1024.0,312.0,0.3046875,0.15817555785179138,2.064899206161499,0.0005386886186897755,0.024042442440986633,0.0
training_diagnostics_v1,12288,0.541015625,0.3291015625,0.32421875,0.32665470242500305,2.593583345413208,ppo_train_projection,PPO trained with projection,3,8dd06c30b16fafd91d3e679f5262588e83f69345442e3f605e40213d266208ef,True,C:\rl_projects\src\repos\rl-constrained-decision-making\runs\ConstrainedNavigation-v0__ppo_train_projection_51200_seed3__3__1786766584,1024.0,304.0,0.296875,0.18401113152503967,2.161511182785034,0.0006311890319921076,0.02031206712126732,0.0
training_diagnostics_v1,13312,0.556640625,0.3310546875,0.3310546875,0.32332631945610046,2.518594264984131,ppo_train_projection,PPO trained with projection,3,8dd06c30b16fafd91d3e679f5262588e83f69345442e3f605e40213d266208ef,True,C:\rl_projects\src\repos\rl-constrained-decision-making\runs\ConstrainedNavigation-v0__ppo_train_projection_51200_seed3__3__1786766584,1024.0,255.0,0.2490234375,0.13039550185203552,1.9807641506195068,0.00038602494169026613,0.01412898488342762,0.0
training_diagnostics_v1,14336,0.529296875,0.3203125,0.3154296875,0.3324308395385742,3.4193594455718994,ppo_train_projection,PPO trained with projection,3,8dd06c30b16fafd91d3e679f5262588e83f69345442e3f605e40213d266208ef,True,C:\rl_projects\src\repos\rl-constrained-decision-making\runs\ConstrainedNavigation-v0__ppo_train_projection_51200_seed3__3__1786766584,1024.0,231.0,0.2255859375,0.12921331822872162,1.9505693912506104,0.00038751744432374835,0.01096642017364502,0.0
training_diagnostics_v1,15360,0.5556640625,0.32421875,0.3466796875,0.33715757727622986,2.588351249694824,ppo_train_projection,PPO trained with projection,3,8dd06c30b16fafd91d3e679f5262588e83f69345442e3f605e40213d266208ef,True,C:\rl_projects\src\repos\rl-constrained-decision-making\runs\ConstrainedNavigation-v0__ppo_train_projection_51200_seed3__3__1786766584,1024.0,282.0,0.275390625,0.16033704578876495,2.004728317260742,0.0005231114919297397,0.019931156188249588,0.0
training_diagnostics_v1,16384,0.5830078125,0.35546875,0.345703125,0.3653790056705475,2.7310287952423096,ppo_train_projection,PPO trained with projection,3,8dd06c30b16fafd91d3e679f5262588e83f69345442e3f605e40213d266208ef,True,C:\rl_projects\src\repos\rl-constrained-decision-making\runs\ConstrainedNavigation-v0__ppo_train_projection_51200_seed3__3__1786766584,1024.0,276.0,0.26953125,0.1455937623977661,2.027109146118164,0.00046824212768115103,0.013750077225267887,0.0
training_diagnostics_v1,17408,0.54296875,0.349609375,0.31640625,0.3378073275089264,3.076594591140747,ppo_train_projection,PPO trained with projection,3,8dd06c30b16fafd91d3e679f5262588e83f69345442e3f605e40213d266208ef,True,C:\rl_projects\src\repos\rl-constrained-decision-making\runs\ConstrainedNavigation-v0__ppo_train_projection_51200_seed3__3__1786766584,1024.0,352.0,0.34375,0.1970231682062149,2.031778573989868,0.0006299522356130183,0.027545243501663208,0.0
training_diagnostics_v1,18432,0.603515625,0.40234375,0.3359375,0.3795146346092224,2.8504059314727783,ppo_train_projection,PPO trained with projection,3,8dd06c30b16fafd91d3e679f5262588e83f69345442e3f605e40213d266208ef,True,C:\rl_projects\src\repos\rl-constrained-decision-making\runs\ConstrainedNavigation-v0__ppo_train_projection_51200_seed3__3__1786766584,1024.0,273.0,0.2666015625,0.16195198893547058,2.0804309844970703,0.0006816098466515541,0.028511041775345802,0.0
training_diagnostics_v1,19456,0.5849609375,0.375,0.3203125,0.3738854229450226,2.798304557800293,ppo_train_projection,PPO trained with projection,3,8dd06c30b16fafd91d3e679f5262588e83f69345442e3f605e40213d266208ef,True,C:\rl_projects\src\repos\rl-constrained-decision-making\runs\ConstrainedNavigation-v0__ppo_train_projection_51200_seed3__3__1786766584,1024.0,307.0,0.2998046875,0.15889966487884521,1.9179139137268066,0.00041994184721261263,0.010599899105727673,0.0
training_diagnostics_v1,20480,0.60546875,0.392578125,0.33203125,0.34156444668769836,2.7692525386810303,ppo_train_projection,PPO trained with projection,3,8dd06c30b16fafd91d3e679f5262588e83f69345442e3f605e40213d266208ef,True,C:\rl_projects\src\repos\rl-constrained-decision-making\runs\ConstrainedNavigation-v0__ppo_train_projection_51200_seed3__3__1786766584,1024.0,344.0,0.3359375,0.18482017517089844,2.0582430362701416,0.0005030560423620045,0.014064892195165157,0.0
training_diagnostics_v1,21504,0.580078125,0.3642578125,0.3349609375,0.3737308979034424,3.2137553691864014,ppo_train_projection,PPO trained with projection,3,8dd06c30b16fafd91d3e679f5262588e83f69345442e3f605e40213d266208ef,True,C:\rl_projects\src\repos\rl-constrained-decision-making\runs\ConstrainedNavigation-v0__ppo_train_projection_51200_seed3__3__1786766584,1024.0,225.0,0.2197265625,0.12915866076946259,1.947619080543518,0.0004862667410634458,0.024019937962293625,0.0
training_diagnostics_v1,22528,0.5625,0.337890625,0.337890625,0.32493919134140015,2.453279495239258,ppo_train_projection,PPO trained with projection,3,8dd06c30b16fafd91d3e679f5262588e83f69345442e3f605e40213d266208ef,True,C:\rl_projects\src\repos\rl-constrained-decision-making\runs\ConstrainedNavigation-v0__ppo_train_projection_51200_seed3__3__1786766584,1024.0,380.0,0.37109375,0.20383255183696747,2.104668617248535,0.0006749089807271957,0.02207028493285179,0.0
training_diagnostics_v1,23552,0.5419921875,0.35546875,0.30078125,0.3356782793998718,2.5178937911987305,ppo_train_projection,PPO trained with projection,3,8dd06c30b16fafd91d3e679f5262588e83f69345442e3f605e40213d266208ef,True,C:\rl_projects\src\repos\rl-constrained-decision-making\runs\ConstrainedNavigation-v0__ppo_train_projection_51200_seed3__3__1786766584,1024.0,376.0,0.3671875,0.20115697383880615,2.1237432956695557,0.0005755915772169828,0.01316891796886921,0.0
training_diagnostics_v1,24576,0.564453125,0.3720703125,0.30859375,0.3597415089607239,3.5200657844543457,ppo_train_projection,PPO trained with projection,3,8dd06c30b16fafd91d3e679f5262588e83f69345442e3f605e40213d266208ef,True,C:\rl_projects\src\repos\rl-constrained-decision-making\runs\ConstrainedNavigation-v0__ppo_train_projection_51200_seed3__3__1786766584,1024.0,394.0,0.384765625,0.19750088453292847,1.8646475076675415,0.0007538312347605824,0.037937045097351074,0.0
training_diagnostics_v1,25600,0.5576171875,0.3271484375,0.3408203125,0.33534136414527893,2.8494627475738525,ppo_train_projection,PPO trained with projection,3,8dd06c30b16fafd91d3e679f5262588e83f69345442e3f605e40213d266208ef,True,C:\rl_projects\src\repos\rl-constrained-decision-making\runs\ConstrainedNavigation-v0__ppo_train_projection_51200_seed3__3__1786766584,1024.0,429.0,0.4189453125,0.22482720017433167,2.0830960273742676,0.0007299633580259979,0.01844937726855278,0.0
training_diagnostics_v1,26624,0.5859375,0.3544921875,0.359375,0.37242066860198975,2.7064993381500244,ppo_train_projection,PPO trained with projection,3,8dd06c30b16fafd91d3e679f5262588e83f69345442e3f605e40213d266208ef,True,C:\rl_projects\src\repos\rl-constrained-decision-making\runs\ConstrainedNavigation-v0__ppo_train_projection_51200_seed3__3__1786766584,1024.0,310.0,0.302734375,0.18439841270446777,2.191541910171509,0.0006329593015834689,0.013479001820087433,0.0
training_diagnostics_v1,27648,0.55078125,0.357421875,0.32421875,0.35675689578056335,2.59340763092041,ppo_train_projection,PPO trained with projection,3,8dd06c30b16fafd91d3e679f5262588e83f69345442e3f605e40213d266208ef,True,C:\rl_projects\src\repos\rl-constrained-decision-making\runs\ConstrainedNavigation-v0__ppo_train_projection_51200_seed3__3__1786766584,1024.0,348.0,0.33984375,0.14921127259731293,1.9684287309646606,0.0003663230163510889,0.01383491512387991,0.0
training_diagnostics_v1,28672,0.60546875,0.3837890625,0.3515625,0.392505019903183,2.8491780757904053,ppo_train_projection,PPO trained with projection,3,8dd06c30b16fafd91d3e679f5262588e83f69345442e3f605e40213d266208ef,True,C:\rl_projects\src\repos\rl-constrained-decision-making\runs\ConstrainedNavigation-v0__ppo_train_projection_51200_seed3__3__1786766584,1024.0,416.0,0.40625,0.22403109073638916,2.1983797550201416,0.0006473951507359743,0.020247502252459526,0.0
training_diagnostics_v1,29696,0.5625,0.32421875,0.35546875,0.36995893716812134,2.9371495246887207,ppo_train_projection,PPO trained with projection,3,8dd06c30b16fafd91d3e679f5262588e83f69345442e3f605e40213d266208ef,True,C:\rl_projects\src\repos\rl-constrained-decision-making\runs\ConstrainedNavigation-v0__ppo_train_projection_51200_seed3__3__1786766584,1024.0,398.0,0.388671875,0.22026558220386505,2.1946749687194824,0.0007288030465133488,0.02291134186089039,0.0
training_diagnostics_v1,30720,0.5888671875,0.3681640625,0.3369140625,0.36840495467185974,3.1674904823303223,ppo_train_projection,PPO trained with projection,3,8dd06c30b16fafd91d3e679f5262588e83f69345442e3f605e40213d266208ef,True,C:\rl_projects\src\repos\rl-constrained-decision-making\runs\ConstrainedNavigation-v0__ppo_train_projection_51200_seed3__3__1786766584,1024.0,387.0,0.3779296875,0.2009696513414383,1.8012465238571167,0.0005469231400638819,0.013297994621098042,0.0
training_diagnostics_v1,31744,0.5908203125,0.3857421875,0.326171875,0.38578546047210693,3.7681846618652344,ppo_train_projection,PPO trained with projection,3,8dd06c30b16fafd91d3e679f5262588e83f69345442e3f605e40213d266208ef,True,C:\rl_projects\src\repos\rl-constrained-decision-making\runs\ConstrainedNavigation-v0__ppo_train_projection_51200_seed3__3__1786766584,1024.0,346.0,0.337890625,0.16461113095283508,2.0448806285858154,0.00039134480175562203,0.011075536720454693,0.0
training_diagnostics_v1,32768,0.5771484375,0.373046875,0.32421875,0.3856775760650635,4.496140003204346,ppo_train_projection,PPO trained with projection,3,8dd06c30b16fafd91d3e679f5262588e83f69345442e3f605e40213d266208ef,True,C:\rl_projects\src\repos\rl-constrained-decision-making\runs\ConstrainedNavigation-v0__ppo_train_projection_51200_seed3__3__1786766584,1024.0,429.0,0.4189453125,0.19534218311309814,1.92987060546875,0.00047985807759687304,0.01035344135016203,0.0
training_diagnostics_v1,33792,0.572265625,0.3583984375,0.3271484375,0.37429994344711304,3.1387832164764404,ppo_train_projection,PPO trained with projection,3,8dd06c30b16fafd91d3e679f5262588e83f69345442e3f605e40213d266208ef,True,C:\rl_projects\src\repos\rl-constrained-decision-making\runs\ConstrainedNavigation-v0__ppo_train_projection_51200_seed3__3__1786766584,1024.0,452.0,0.44140625,0.22276447713375092,2.0795090198516846,0.0005916954251006246,0.013651717454195023,0.0
training_diagnostics_v1,34816,0.5927734375,0.3759765625,0.357421875,0.39783304929733276,3.312729597091675,ppo_train_projection,PPO trained with projection,3,8dd06c30b16fafd91d3e679f5262588e83f69345442e3f605e40213d266208ef,True,C:\rl_projects\src\repos\rl-constrained-decision-making\runs\ConstrainedNavigation-v0__ppo_train_projection_51200_seed3__3__1786766584,1024.0,471.0,0.4599609375,0.2365771234035492,1.964526891708374,0.0006515111308544874,0.02296767570078373,0.0
training_diagnostics_v1,35840,0.5849609375,0.3564453125,0.349609375,0.3741114139556885,2.9539201259613037,ppo_train_projection,PPO trained with projection,3,8dd06c30b16fafd91d3e679f5262588e83f69345442e3f605e40213d266208ef,True,C:\rl_projects\src\repos\rl-constrained-decision-making\runs\ConstrainedNavigation-v0__ppo_train_projection_51200_seed3__3__1786766584,1024.0,461.0,0.4501953125,0.21472430229187012,2.0882959365844727,0.000520639936439693,0.01207842119038105,0.0
training_diagnostics_v1,36864,0.578125,0.400390625,0.30078125,0.35916706919670105,3.934748649597168,ppo_train_projection,PPO trained with projection,3,8dd06c30b16fafd91d3e679f5262588e83f69345442e3f605e40213d266208ef,True,C:\rl_projects\src\repos\rl-constrained-decision-making\runs\ConstrainedNavigation-v0__ppo_train_projection_51200_seed3__3__1786766584,1024.0,440.0,0.4296875,0.219387024641037,2.023240327835083,0.0005302983336150646,0.011544806882739067,0.0
training_diagnostics_v1,37888,0.56640625,0.3544921875,0.330078125,0.36009278893470764,2.5392158031463623,ppo_train_projection,PPO trained with projection,3,8dd06c30b16fafd91d3e679f5262588e83f69345442e3f605e40213d266208ef,True,C:\rl_projects\src\repos\rl-constrained-decision-making\runs\ConstrainedNavigation-v0__ppo_train_projection_51200_seed3__3__1786766584,1024.0,429.0,0.4189453125,0.21442580223083496,1.8749345541000366,0.000524160626810044,0.012388544157147408,0.0
training_diagnostics_v1,38912,0.5986328125,0.3740234375,0.349609375,0.4221751391887665,3.7413878440856934,ppo_train_projection,PPO trained with projection,3,8dd06c30b16fafd91d3e679f5262588e83f69345442e3f605e40213d266208ef,True,C:\rl_projects\src\repos\rl-constrained-decision-making\runs\ConstrainedNavigation-v0__ppo_train_projection_51200_seed3__3__1786766584,1024.0,412.0,0.40234375,0.25425970554351807,2.2183761596679688,0.0012617296306416392,0.04141748324036598,0.0
training_diagnostics_v1,39936,0.5595703125,0.3779296875,0.291015625,0.3564853370189667,2.4115049839019775,ppo_train_projection,PPO trained with projection,3,8dd06c30b16fafd91d3e679f5262588e83f69345442e3f605e40213d266208ef,True,C:\rl_projects\src\repos\rl-constrained-decision-making\runs\ConstrainedNavigation-v0__ppo_train_projection_51200_seed3__3__1786766584,1024.0,435.0,0.4248046875,0.21040596067905426,2.0401391983032227,0.0005165986367501318,0.01839957945048809,0.0
training_diagnostics_v1,40960,0.58984375,0.3828125,0.3203125,0.41157296299934387,3.1626675128936768,ppo_train_projection,PPO trained with projection,3,8dd06c30b16fafd91d3e679f5262588e83f69345442e3f605e40213d266208ef,True,C:\rl_projects\src\repos\rl-constrained-decision-making\runs\ConstrainedNavigation-v0__ppo_train_projection_51200_seed3__3__1786766584,1024.0,473.0,0.4619140625,0.2519115209579468,2.20546293258667,0.0006866424228064716,0.01445065625011921,0.0
training_diagnostics_v1,41984,0.60546875,0.3994140625,0.337890625,0.40814992785453796,2.841935873031616,ppo_train_projection,PPO trained with projection,3,8dd06c30b16fafd91d3e679f5262588e83f69345442e3f605e40213d266208ef,True,C:\rl_projects\src\repos\rl-constrained-decision-making\runs\ConstrainedNavigation-v0__ppo_train_projection_51200_seed3__3__1786766584,1024.0,390.0,0.380859375,0.23368731141090393,2.2194571495056152,0.0006817698595114052,0.013177448883652687,0.0
training_diagnostics_v1,43008,0.572265625,0.3818359375,0.326171875,0.4053078889846802,2.9344699382781982,ppo_train_projection,PPO trained with projection,3,8dd06c30b16fafd91d3e679f5262588e83f69345442e3f605e40213d266208ef,True,C:\rl_projects\src\repos\rl-constrained-decision-making\runs\ConstrainedNavigation-v0__ppo_train_projection_51200_seed3__3__1786766584,1024.0,329.0,0.3212890625,0.145541712641716,1.6823537349700928,0.00028684153221547604,0.009562179446220398,0.0
training_diagnostics_v1,44032,0.61328125,0.4267578125,0.326171875,0.41619905829429626,3.0912373065948486,ppo_train_projection,PPO trained with projection,3,8dd06c30b16fafd91d3e679f5262588e83f69345442e3f605e40213d266208ef,True,C:\rl_projects\src\repos\rl-constrained-decision-making\runs\ConstrainedNavigation-v0__ppo_train_projection_51200_seed3__3__1786766584,1024.0,436.0,0.42578125,0.20980443060398102,1.9656881093978882,0.0004855835868511349,0.009742840193212032,0.0
training_diagnostics_v1,45056,0.591796875,0.40625,0.3193359375,0.4061535596847534,3.1666007041931152,ppo_train_projection,PPO trained with projection,3,8dd06c30b16fafd91d3e679f5262588e83f69345442e3f605e40213d266208ef,True,C:\rl_projects\src\repos\rl-constrained-decision-making\runs\ConstrainedNavigation-v0__ppo_train_projection_51200_seed3__3__1786766584,1024.0,398.0,0.388671875,0.17451226711273193,1.9855953454971313,0.00038254293031059206,0.014115273021161556,0.0
training_diagnostics_v1,46080,0.5869140625,0.396484375,0.33203125,0.40619122982025146,2.696204900741577,ppo_train_projection,PPO trained with projection,3,8dd06c30b16fafd91d3e679f5262588e83f69345442e3f605e40213d266208ef,True,C:\rl_projects\src\repos\rl-constrained-decision-making\runs\ConstrainedNavigation-v0__ppo_train_projection_51200_seed3__3__1786766584,1024.0,383.0,0.3740234375,0.22070251405239105,2.210749387741089,0.0007577921496704221,0.015131552703678608,0.0
training_diagnostics_v1,47104,0.6123046875,0.435546875,0.326171875,0.4281514286994934,3.7259111404418945,ppo_train_projection,PPO trained with projection,3,8dd06c30b16fafd91d3e679f5262588e83f69345442e3f605e40213d266208ef,True,C:\rl_projects\src\repos\rl-constrained-decision-making\runs\ConstrainedNavigation-v0__ppo_train_projection_51200_seed3__3__1786766584,1024.0,432.0,0.421875,0.1920558214187622,1.8847569227218628,0.00041822492494247854,0.00915793888270855,0.0
training_diagnostics_v1,48128,0.5966796875,0.3955078125,0.3466796875,0.38974612951278687,2.9338138103485107,ppo_train_projection,PPO trained with projection,3,8dd06c30b16fafd91d3e679f5262588e83f69345442e3f605e40213d266208ef,True,C:\rl_projects\src\repos\rl-constrained-decision-making\runs\ConstrainedNavigation-v0__ppo_train_projection_51200_seed3__3__1786766584,1024.0,378.0,0.369140625,0.15661504864692688,1.729159951210022,0.00030615870491601527,0.00785259623080492,0.0
training_diagnostics_v1,49152,0.609375,0.4072265625,0.3251953125,0.4010615646839142,2.9375598430633545,ppo_train_projection,PPO trained with projection,3,8dd06c30b16fafd91d3e679f5262588e83f69345442e3f605e40213d266208ef,True,C:\rl_projects\src\repos\rl-constrained-decision-making\runs\ConstrainedNavigation-v0__ppo_train_projection_51200_seed3__3__1786766584,1024.0,422.0,0.412109375,0.18245740234851837,1.6952602863311768,0.0003432421653997153,0.008935029618442059,0.0
training_diagnostics_v1,50176,0.59375,0.3837890625,0.3408203125,0.40250837802886963,3.090852737426758,ppo_train_projection,PPO trained with projection,3,8dd06c30b16fafd91d3e679f5262588e83f69345442e3f605e40213d266208ef,True,C:\rl_projects\src\repos\rl-constrained-decision-making\runs\ConstrainedNavigation-v0__ppo_train_projection_51200_seed3__3__1786766584,1024.0,431.0,0.4208984375,0.21479184925556183,2.1611716747283936,0.0005714063299819827,0.01588396728038788,0.0
training_diagnostics_v1,51200,0.5947265625,0.3955078125,0.3330078125,0.4019467830657959,2.4003987312316895,ppo_train_projection,PPO trained with projection,3,8dd06c30b16fafd91d3e679f5262588e83f69345442e3f605e40213d266208ef,True,C:\rl_projects\src\repos\rl-constrained-decision-making\runs\ConstrainedNavigation-v0__ppo_train_projection_51200_seed3__3__1786766584,1024.0,367.0,0.3583984375,0.16590143740177155,1.7422674894332886,0.0004422027850523591,0.02563679963350296,0.0
training_diagnostics_v1,1024,0.5556640625,0.3154296875,0.35546875,0.340055912733078,2.6032052040100098,ppo_train_projection,PPO trained with projection,4,fe5cf72639d7b42227099dba859c4bc05d33760b1ab46464c8237636967b6f16,True,C:\rl_projects\src\repos\rl-constrained-decision-making\runs\ConstrainedNavigation-v0__ppo_train_projection_51200_seed4__4__1786827722,1024.0,34.0,0.033203125,0.014045817777514458,1.602994441986084,3.4848704672185704e-05,0.005293258931487799,0.0
training_diagnostics_v1,2048,0.5478515625,0.34765625,0.326171875,0.3272884786128998,2.842214584350586,ppo_train_projection,PPO trained with projection,4,fe5cf72639d7b42227099dba859c4bc05d33760b1ab46464c8237636967b6f16,True,C:\rl_projects\src\repos\rl-constrained-decision-making\runs\ConstrainedNavigation-v0__ppo_train_projection_51200_seed4__4__1786827722,1024.0,46.0,0.044921875,0.016242995858192444,1.0980533361434937,2.8143180315964855e-05,0.003976371604949236,0.0
training_diagnostics_v1,3072,0.5712890625,0.3505859375,0.333984375,0.32941073179244995,2.5378730297088623,ppo_train_projection,PPO trained with projection,4,fe5cf72639d7b42227099dba859c4bc05d33760b1ab46464c8237636967b6f16,True,C:\rl_projects\src\repos\rl-constrained-decision-making\runs\ConstrainedNavigation-v0__ppo_train_projection_51200_seed4__4__1786827722,1024.0,89.0,0.0869140625,0.047891583293676376,1.7363284826278687,0.00013917480828240514,0.012231411412358284,0.0
training_diagnostics_v1,4096,0.5263671875,0.322265625,0.3154296875,0.33145657181739807,2.827315330505371,ppo_train_projection,PPO trained with projection,4,fe5cf72639d7b42227099dba859c4bc05d33760b1ab46464c8237636967b6f16,True,C:\rl_projects\src\repos\rl-constrained-decision-making\runs\ConstrainedNavigation-v0__ppo_train_projection_51200_seed4__4__1786827722,1024.0,141.0,0.1376953125,0.06058724969625473,1.5452334880828857,0.00015321998216677457,0.009622813202440739,0.0
training_diagnostics_v1,5120,0.5458984375,0.3330078125,0.310546875,0.3076219856739044,2.8905882835388184,ppo_train_projection,PPO trained with projection,4,fe5cf72639d7b42227099dba859c4bc05d33760b1ab46464c8237636967b6f16,True,C:\rl_projects\src\repos\rl-constrained-decision-making\runs\ConstrainedNavigation-v0__ppo_train_projection_51200_seed4__4__1786827722,1024.0,100.0,0.09765625,0.0517500638961792,1.8035237789154053,0.00015872779476922005,0.013791564851999283,0.0
training_diagnostics_v1,6144,0.5498046875,0.306640625,0.3408203125,0.32921820878982544,2.5199999809265137,ppo_train_projection,PPO trained with projection,4,fe5cf72639d7b42227099dba859c4bc05d33760b1ab46464c8237636967b6f16,True,C:\rl_projects\src\repos\rl-constrained-decision-making\runs\ConstrainedNavigation-v0__ppo_train_projection_51200_seed4__4__1786827722,1024.0,107.0,0.1044921875,0.052981775254011154,1.6579960584640503,0.0001597986847627908,0.01278409082442522,0.0
training_diagnostics_v1,7168,0.509765625,0.31640625,0.2998046875,0.32281261682510376,2.7416696548461914,ppo_train_projection,PPO trained with projection,4,fe5cf72639d7b42227099dba859c4bc05d33760b1ab46464c8237636967b6f16,True,C:\rl_projects\src\repos\rl-constrained-decision-making\runs\ConstrainedNavigation-v0__ppo_train_projection_51200_seed4__4__1786827722,1024.0,113.0,0.1103515625,0.053342245519161224,2.0071957111358643,0.00016636078362353146,0.013786650262773037,0.0
training_diagnostics_v1,8192,0.55859375,0.333984375,0.314453125,0.3220542371273041,2.7131526470184326,ppo_train_projection,PPO trained with projection,4,fe5cf72639d7b42227099dba859c4bc05d33760b1ab46464c8237636967b6f16,True,C:\rl_projects\src\repos\rl-constrained-decision-making\runs\ConstrainedNavigation-v0__ppo_train_projection_51200_seed4__4__1786827722,1024.0,123.0,0.1201171875,0.056575775146484375,1.6903297901153564,0.00014150091737974435,0.006849424913525581,0.0
training_diagnostics_v1,9216,0.5556640625,0.330078125,0.3271484375,0.34234318137168884,3.0122852325439453,ppo_train_projection,PPO trained with projection,4,fe5cf72639d7b42227099dba859c4bc05d33760b1ab46464c8237636967b6f16,True,C:\rl_projects\src\repos\rl-constrained-decision-making\runs\ConstrainedNavigation-v0__ppo_train_projection_51200_seed4__4__1786827722,1024.0,154.0,0.150390625,0.07854991406202316,1.8528739213943481,0.00022900562908034772,0.011017918586730957,0.0
training_diagnostics_v1,10240,0.5634765625,0.341796875,0.3291015625,0.33541339635849,2.1823248863220215,ppo_train_projection,PPO trained with projection,4,fe5cf72639d7b42227099dba859c4bc05d33760b1ab46464c8237636967b6f16,True,C:\rl_projects\src\repos\rl-constrained-decision-making\runs\ConstrainedNavigation-v0__ppo_train_projection_51200_seed4__4__1786827722,1024.0,216.0,0.2109375,0.10261112451553345,1.8623039722442627,0.0003569823456928134,0.021083185449242592,0.0
training_diagnostics_v1,11264,0.552734375,0.3447265625,0.3134765625,0.3244151771068573,2.583022356033325,ppo_train_projection,PPO trained with projection,4,fe5cf72639d7b42227099dba859c4bc05d33760b1ab46464c8237636967b6f16,True,C:\rl_projects\src\repos\rl-constrained-decision-making\runs\ConstrainedNavigation-v0__ppo_train_projection_51200_seed4__4__1786827722,1024.0,175.0,0.1708984375,0.07796819508075714,1.6169828176498413,0.00025415088748559356,0.016324186697602272,0.0
training_diagnostics_v1,12288,0.533203125,0.32421875,0.3115234375,0.3212882876396179,2.4506707191467285,ppo_train_projection,PPO trained with projection,4,fe5cf72639d7b42227099dba859c4bc05d33760b1ab46464c8237636967b6f16,True,C:\rl_projects\src\repos\rl-constrained-decision-making\runs\ConstrainedNavigation-v0__ppo_train_projection_51200_seed4__4__1786827722,1024.0,191.0,0.1865234375,0.08230865001678467,1.9062601327896118,0.00021771920728497207,0.009985646232962608,0.0
training_diagnostics_v1,13312,0.525390625,0.3212890625,0.3046875,0.3134025037288666,2.3706858158111572,ppo_train_projection,PPO trained with projection,4,fe5cf72639d7b42227099dba859c4bc05d33760b1ab46464c8237636967b6f16,True,C:\rl_projects\src\repos\rl-constrained-decision-making\runs\ConstrainedNavigation-v0__ppo_train_projection_51200_seed4__4__1786827722,1024.0,256.0,0.25,0.14163531363010406,1.8112512826919556,0.0004883508081547916,0.01630774885416031,0.0
training_diagnostics_v1,14336,0.5244140625,0.3349609375,0.3056640625,0.3101804256439209,3.2966370582580566,ppo_train_projection,PPO trained with projection,4,fe5cf72639d7b42227099dba859c4bc05d33760b1ab46464c8237636967b6f16,True,C:\rl_projects\src\repos\rl-constrained-decision-making\runs\ConstrainedNavigation-v0__ppo_train_projection_51200_seed4__4__1786827722,1024.0,188.0,0.18359375,0.0904889702796936,2.04762864112854,0.00034236922510899603,0.02102827839553356,0.0
training_diagnostics_v1,15360,0.5576171875,0.3525390625,0.3115234375,0.319366991519928,2.4855566024780273,ppo_train_projection,PPO trained with projection,4,fe5cf72639d7b42227099dba859c4bc05d33760b1ab46464c8237636967b6f16,True,C:\rl_projects\src\repos\rl-constrained-decision-making\runs\ConstrainedNavigation-v0__ppo_train_projection_51200_seed4__4__1786827722,1024.0,203.0,0.1982421875,0.10860978066921234,1.9670090675354004,0.0003611868596635759,0.015550455078482628,0.0
training_diagnostics_v1,16384,0.541015625,0.326171875,0.322265625,0.331209272146225,2.596327304840088,ppo_train_projection,PPO trained with projection,4,fe5cf72639d7b42227099dba859c4bc05d33760b1ab46464c8237636967b6f16,True,C:\rl_projects\src\repos\rl-constrained-decision-making\runs\ConstrainedNavigation-v0__ppo_train_projection_51200_seed4__4__1786827722,1024.0,193.0,0.1884765625,0.0934419259428978,2.0843276977539062,0.00027994930860586464,0.011213178746402264,0.0
training_diagnostics_v1,17408,0.541015625,0.3125,0.326171875,0.3087676763534546,2.1862919330596924,ppo_train_projection,PPO trained with projection,4,fe5cf72639d7b42227099dba859c4bc05d33760b1ab46464c8237636967b6f16,True,C:\rl_projects\src\repos\rl-constrained-decision-making\runs\ConstrainedNavigation-v0__ppo_train_projection_51200_seed4__4__1786827722,1024.0,265.0,0.2587890625,0.1422310471534729,1.9726797342300415,0.0005232798284851015,0.018804023042321205,0.0
training_diagnostics_v1,18432,0.5576171875,0.341796875,0.3447265625,0.35949403047561646,3.743147850036621,ppo_train_projection,PPO trained with projection,4,fe5cf72639d7b42227099dba859c4bc05d33760b1ab46464c8237636967b6f16,True,C:\rl_projects\src\repos\rl-constrained-decision-making\runs\ConstrainedNavigation-v0__ppo_train_projection_51200_seed4__4__1786827722,1024.0,184.0,0.1796875,0.08200211822986603,1.6605905294418335,0.00022381778398994356,0.00859007891267538,0.0
training_diagnostics_v1,19456,0.5302734375,0.359375,0.263671875,0.3118811845779419,2.2138664722442627,ppo_train_projection,PPO trained with projection,4,fe5cf72639d7b42227099dba859c4bc05d33760b1ab46464c8237636967b6f16,True,C:\rl_projects\src\repos\rl-constrained-decision-making\runs\ConstrainedNavigation-v0__ppo_train_projection_51200_seed4__4__1786827722,1024.0,260.0,0.25390625,0.14276404678821564,2.071657180786133,0.0005994022358208895,0.019459722563624382,0.0
training_diagnostics_v1,20480,0.552734375,0.33984375,0.3291015625,0.34161460399627686,2.9323699474334717,ppo_train_projection,PPO trained with projection,4,fe5cf72639d7b42227099dba859c4bc05d33760b1ab46464c8237636967b6f16,True,C:\rl_projects\src\repos\rl-constrained-decision-making\runs\ConstrainedNavigation-v0__ppo_train_projection_51200_seed4__4__1786827722,1024.0,341.0,0.3330078125,0.18862055242061615,1.952428936958313,0.0007199639221653342,0.02101995423436165,0.0
training_diagnostics_v1,21504,0.5615234375,0.3564453125,0.3115234375,0.3466288149356842,2.636382579803467,ppo_train_projection,PPO trained with projection,4,fe5cf72639d7b42227099dba859c4bc05d33760b1ab46464c8237636967b6f16,True,C:\rl_projects\src\repos\rl-constrained-decision-making\runs\ConstrainedNavigation-v0__ppo_train_projection_51200_seed4__4__1786827722,1024.0,239.0,0.2333984375,0.11758367717266083,1.8932530879974365,0.0003961504844482988,0.014123363420367241,0.0
training_diagnostics_v1,22528,0.5458984375,0.3349609375,0.3173828125,0.3202475607395172,2.3787803649902344,ppo_train_projection,PPO trained with projection,4,fe5cf72639d7b42227099dba859c4bc05d33760b1ab46464c8237636967b6f16,True,C:\rl_projects\src\repos\rl-constrained-decision-making\runs\ConstrainedNavigation-v0__ppo_train_projection_51200_seed4__4__1786827722,1024.0,314.0,0.306640625,0.17801521718502045,2.0904250144958496,0.0006784463184885681,0.012384793721139431,0.0
training_diagnostics_v1,23552,0.5439453125,0.3310546875,0.30859375,0.3140566647052765,2.138688087463379,ppo_train_projection,PPO trained with projection,4,fe5cf72639d7b42227099dba859c4bc05d33760b1ab46464c8237636967b6f16,True,C:\rl_projects\src\repos\rl-constrained-decision-making\runs\ConstrainedNavigation-v0__ppo_train_projection_51200_seed4__4__1786827722,1024.0,241.0,0.2353515625,0.11943735927343369,1.7494970560073853,0.00040427508065477014,0.01495685987174511,0.0
training_diagnostics_v1,24576,0.5029296875,0.328125,0.271484375,0.30647721886634827,2.9106380939483643,ppo_train_projection,PPO trained with projection,4,fe5cf72639d7b42227099dba859c4bc05d33760b1ab46464c8237636967b6f16,True,C:\rl_projects\src\repos\rl-constrained-decision-making\runs\ConstrainedNavigation-v0__ppo_train_projection_51200_seed4__4__1786827722,1024.0,409.0,0.3994140625,0.24950285255908966,2.1291303634643555,0.0010784685146063566,0.020466189831495285,0.0
training_diagnostics_v1,25600,0.5361328125,0.3388671875,0.3017578125,0.30000317096710205,2.8680124282836914,ppo_train_projection,PPO trained with projection,4,fe5cf72639d7b42227099dba859c4bc05d33760b1ab46464c8237636967b6f16,True,C:\rl_projects\src\repos\rl-constrained-decision-making\runs\ConstrainedNavigation-v0__ppo_train_projection_51200_seed4__4__1786827722,1024.0,322.0,0.314453125,0.14764240384101868,1.9829230308532715,0.0004435543669387698,0.012545290403068066,0.0
training_diagnostics_v1,26624,0.5322265625,0.3251953125,0.294921875,0.3048386573791504,2.6706442832946777,ppo_train_projection,PPO trained with projection,4,fe5cf72639d7b42227099dba859c4bc05d33760b1ab46464c8237636967b6f16,True,C:\rl_projects\src\repos\rl-constrained-decision-making\runs\ConstrainedNavigation-v0__ppo_train_projection_51200_seed4__4__1786827722,1024.0,294.0,0.287109375,0.14267542958259583,2.0897629261016846,0.00044608296593651175,0.014667636714875698,0.0
training_diagnostics_v1,27648,0.52734375,0.3173828125,0.3095703125,0.2956032454967499,2.520915985107422,ppo_train_projection,PPO trained with projection,4,fe5cf72639d7b42227099dba859c4bc05d33760b1ab46464c8237636967b6f16,True,C:\rl_projects\src\repos\rl-constrained-decision-making\runs\ConstrainedNavigation-v0__ppo_train_projection_51200_seed4__4__1786827722,1024.0,332.0,0.32421875,0.1675596386194229,1.9426134824752808,0.0004875888698734343,0.012005958706140518,0.0
training_diagnostics_v1,28672,0.5322265625,0.3291015625,0.29296875,0.3417409062385559,3.5943219661712646,ppo_train_projection,PPO trained with projection,4,fe5cf72639d7b42227099dba859c4bc05d33760b1ab46464c8237636967b6f16,True,C:\rl_projects\src\repos\rl-constrained-decision-making\runs\ConstrainedNavigation-v0__ppo_train_projection_51200_seed4__4__1786827722,1024.0,244.0,0.23828125,0.1009826734662056,1.7629480361938477,0.00028768947231583297,0.017510326579213142,0.0
training_diagnostics_v1,29696,0.5400390625,0.318359375,0.3037109375,0.3181699812412262,3.567362070083618,ppo_train_projection,PPO trained with projection,4,fe5cf72639d7b42227099dba859c4bc05d33760b1ab46464c8237636967b6f16,True,C:\rl_projects\src\repos\rl-constrained-decision-making\runs\ConstrainedNavigation-v0__ppo_train_projection_51200_seed4__4__1786827722,1024.0,339.0,0.3310546875,0.18481644988059998,2.206761360168457,0.0006479035364463925,0.013029743917286396,0.0
training_diagnostics_v1,30720,0.5537109375,0.3359375,0.330078125,0.330824077129364,2.4703586101531982,ppo_train_projection,PPO trained with projection,4,fe5cf72639d7b42227099dba859c4bc05d33760b1ab46464c8237636967b6f16,True,C:\rl_projects\src\repos\rl-constrained-decision-making\runs\ConstrainedNavigation-v0__ppo_train_projection_51200_seed4__4__1786827722,1024.0,320.0,0.3125,0.17552173137664795,2.1644370555877686,0.0006042291643097997,0.015158344060182571,0.0
training_diagnostics_v1,31744,0.5263671875,0.3310546875,0.2900390625,0.29461854696273804,2.3977084159851074,ppo_train_projection,PPO trained with projection,4,fe5cf72639d7b42227099dba859c4bc05d33760b1ab46464c8237636967b6f16,True,C:\rl_projects\src\repos\rl-constrained-decision-making\runs\ConstrainedNavigation-v0__ppo_train_projection_51200_seed4__4__1786827722,1024.0,317.0,0.3095703125,0.14755719900131226,1.6862525939941406,0.00034705339930951595,0.0087461918592453,0.0
training_diagnostics_v1,32768,0.5068359375,0.3017578125,0.2919921875,0.275535523891449,2.630321979522705,ppo_train_projection,PPO trained with projection,4,fe5cf72639d7b42227099dba859c4bc05d33760b1ab46464c8237636967b6f16,True,C:\rl_projects\src\repos\rl-constrained-decision-making\runs\ConstrainedNavigation-v0__ppo_train_projection_51200_seed4__4__1786827722,1024.0,364.0,0.35546875,0.16229164600372314,1.9423977136611938,0.0004058293125126511,0.013580766506493092,0.0
training_diagnostics_v1,33792,0.5380859375,0.3408203125,0.30078125,0.3025189936161041,2.926990032196045,ppo_train_projection,PPO trained with projection,4,fe5cf72639d7b42227099dba859c4bc05d33760b1ab46464c8237636967b6f16,True,C:\rl_projects\src\repos\rl-constrained-decision-making\runs\ConstrainedNavigation-v0__ppo_train_projection_51200_seed4__4__1786827722,1024.0,352.0,0.34375,0.1671251356601715,2.014826774597168,0.00048215064452961087,0.018315181136131287,0.0
training_diagnostics_v1,34816,0.5390625,0.3251953125,0.32421875,0.2990526258945465,2.449374198913574,ppo_train_projection,PPO trained with projection,4,fe5cf72639d7b42227099dba859c4bc05d33760b1ab46464c8237636967b6f16,True,C:\rl_projects\src\repos\rl-constrained-decision-making\runs\ConstrainedNavigation-v0__ppo_train_projection_51200_seed4__4__1786827722,1024.0,358.0,0.349609375,0.17942562699317932,1.9471004009246826,0.0005449450691230595,0.01722901314496994,0.0
training_diagnostics_v1,35840,0.5576171875,0.3271484375,0.3359375,0.3218590319156647,2.6098060607910156,ppo_train_projection,PPO trained with projection,4,fe5cf72639d7b42227099dba859c4bc05d33760b1ab46464c8237636967b6f16,True,C:\rl_projects\src\repos\rl-constrained-decision-making\runs\ConstrainedNavigation-v0__ppo_train_projection_51200_seed4__4__1786827722,1024.0,360.0,0.3515625,0.18721337616443634,2.0828511714935303,0.0005551830981858075,0.012512349523603916,0.0
training_diagnostics_v1,36864,0.5224609375,0.330078125,0.2978515625,0.3125096261501312,3.2365498542785645,ppo_train_projection,PPO trained with projection,4,fe5cf72639d7b42227099dba859c4bc05d33760b1ab46464c8237636967b6f16,True,C:\rl_projects\src\repos\rl-constrained-decision-making\runs\ConstrainedNavigation-v0__ppo_train_projection_51200_seed4__4__1786827722,1024.0,288.0,0.28125,0.14761225879192352,2.0567281246185303,0.00037938373861834407,0.0113935936242342,0.0
training_diagnostics_v1,37888,0.5166015625,0.3232421875,0.2919921875,0.3085542917251587,2.8227121829986572,ppo_train_projection,PPO trained with projection,4,fe5cf72639d7b42227099dba859c4bc05d33760b1ab46464c8237636967b6f16,True,C:\rl_projects\src\repos\rl-constrained-decision-making\runs\ConstrainedNavigation-v0__ppo_train_projection_51200_seed4__4__1786827722,1024.0,348.0,0.33984375,0.14445628225803375,1.7009098529815674,0.0003051832318305969,0.010231290943920612,0.0
training_diagnostics_v1,38912,0.5224609375,0.32421875,0.294921875,0.31432706117630005,3.1330857276916504,ppo_train_projection,PPO trained with projection,4,fe5cf72639d7b42227099dba859c4bc05d33760b1ab46464c8237636967b6f16,True,C:\rl_projects\src\repos\rl-constrained-decision-making\runs\ConstrainedNavigation-v0__ppo_train_projection_51200_seed4__4__1786827722,1024.0,328.0,0.3203125,0.1540534496307373,2.0215275287628174,0.0003934522101189941,0.013708764687180519,0.0
training_diagnostics_v1,39936,0.5185546875,0.3203125,0.3095703125,0.3075195252895355,2.906831979751587,ppo_train_projection,PPO trained with projection,4,fe5cf72639d7b42227099dba859c4bc05d33760b1ab46464c8237636967b6f16,True,C:\rl_projects\src\repos\rl-constrained-decision-making\runs\ConstrainedNavigation-v0__ppo_train_projection_51200_seed4__4__1786827722,1024.0,372.0,0.36328125,0.2081449180841446,2.2184102535247803,0.0007299985736608505,0.025013381615281105,0.0
training_diagnostics_v1,40960,0.5224609375,0.3046875,0.3115234375,0.31256505846977234,2.837695598602295,ppo_train_projection,PPO trained with projection,4,fe5cf72639d7b42227099dba859c4bc05d33760b1ab46464c8237636967b6f16,True,C:\rl_projects\src\repos\rl-constrained-decision-making\runs\ConstrainedNavigation-v0__ppo_train_projection_51200_seed4__4__1786827722,1024.0,419.0,0.4091796875,0.19792984426021576,1.8532142639160156,0.00047916200128383934,0.01367630809545517,0.0
training_diagnostics_v1,41984,0.5546875,0.353515625,0.3232421875,0.3295941948890686,2.0734522342681885,ppo_train_projection,PPO trained with projection,4,fe5cf72639d7b42227099dba859c4bc05d33760b1ab46464c8237636967b6f16,True,C:\rl_projects\src\repos\rl-constrained-decision-making\runs\ConstrainedNavigation-v0__ppo_train_projection_51200_seed4__4__1786827722,1024.0,366.0,0.357421875,0.15959250926971436,1.823332667350769,0.0003773696080315858,0.014897320419549942,0.0
training_diagnostics_v1,43008,0.5439453125,0.3505859375,0.298828125,0.3328426778316498,2.9862663745880127,ppo_train_projection,PPO trained with projection,4,fe5cf72639d7b42227099dba859c4bc05d33760b1ab46464c8237636967b6f16,True,C:\rl_projects\src\repos\rl-constrained-decision-making\runs\ConstrainedNavigation-v0__ppo_train_projection_51200_seed4__4__1786827722,1024.0,381.0,0.3720703125,0.18103380501270294,1.9356070756912231,0.00045155093539506197,0.009446660988032818,0.0
training_diagnostics_v1,44032,0.572265625,0.361328125,0.3154296875,0.3203910291194916,2.8424570560455322,ppo_train_projection,PPO trained with projection,4,fe5cf72639d7b42227099dba859c4bc05d33760b1ab46464c8237636967b6f16,True,C:\rl_projects\src\repos\rl-constrained-decision-making\runs\ConstrainedNavigation-v0__ppo_train_projection_51200_seed4__4__1786827722,1024.0,400.0,0.390625,0.18460245430469513,1.6698561906814575,0.00043932790867984295,0.008660970255732536,0.0
training_diagnostics_v1,45056,0.537109375,0.33984375,0.2958984375,0.31106820702552795,2.626983642578125,ppo_train_projection,PPO trained with projection,4,fe5cf72639d7b42227099dba859c4bc05d33760b1ab46464c8237636967b6f16,True,C:\rl_projects\src\repos\rl-constrained-decision-making\runs\ConstrainedNavigation-v0__ppo_train_projection_51200_seed4__4__1786827722,1024.0,409.0,0.3994140625,0.19581082463264465,1.8335553407669067,0.0004761978634633124,0.009424353018403053,0.0
training_diagnostics_v1,46080,0.53125,0.326171875,0.310546875,0.3122102916240692,2.9683451652526855,ppo_train_projection,PPO trained with projection,4,fe5cf72639d7b42227099dba859c4bc05d33760b1ab46464c8237636967b6f16,True,C:\rl_projects\src\repos\rl-constrained-decision-making\runs\ConstrainedNavigation-v0__ppo_train_projection_51200_seed4__4__1786827722,1024.0,332.0,0.32421875,0.14660876989364624,1.7892632484436035,0.0003481042222119868,0.009907671250402927,0.0
training_diagnostics_v1,47104,0.5263671875,0.322265625,0.3037109375,0.31597259640693665,2.5357506275177,ppo_train_projection,PPO trained with projection,4,fe5cf72639d7b42227099dba859c4bc05d33760b1ab46464c8237636967b6f16,True,C:\rl_projects\src\repos\rl-constrained-decision-making\runs\ConstrainedNavigation-v0__ppo_train_projection_51200_seed4__4__1786827722,1024.0,366.0,0.357421875,0.1649402529001236,1.9535633325576782,0.00040564616210758686,0.014239070937037468,0.0
training_diagnostics_v1,48128,0.54296875,0.3349609375,0.3095703125,0.31461721658706665,2.395334243774414,ppo_train_projection,PPO trained with projection,4,fe5cf72639d7b42227099dba859c4bc05d33760b1ab46464c8237636967b6f16,True,C:\rl_projects\src\repos\rl-constrained-decision-making\runs\ConstrainedNavigation-v0__ppo_train_projection_51200_seed4__4__1786827722,1024.0,431.0,0.4208984375,0.20700211822986603,2.0190961360931396,0.000526218384038657,0.011536855250597,0.0
training_diagnostics_v1,49152,0.5654296875,0.3486328125,0.326171875,0.32996100187301636,2.9095261096954346,ppo_train_projection,PPO trained with projection,4,fe5cf72639d7b42227099dba859c4bc05d33760b1ab46464c8237636967b6f16,True,C:\rl_projects\src\repos\rl-constrained-decision-making\runs\ConstrainedNavigation-v0__ppo_train_projection_51200_seed4__4__1786827722,1024.0,377.0,0.3681640625,0.17174875736236572,1.7311631441116333,0.0003878521383740008,0.009414338506758213,0.0
training_diagnostics_v1,50176,0.5361328125,0.3623046875,0.28515625,0.32100555300712585,2.8245022296905518,ppo_train_projection,PPO trained with projection,4,fe5cf72639d7b42227099dba859c4bc05d33760b1ab46464c8237636967b6f16,True,C:\rl_projects\src\repos\rl-constrained-decision-making\runs\ConstrainedNavigation-v0__ppo_train_projection_51200_seed4__4__1786827722,1024.0,414.0,0.404296875,0.2238643318414688,2.199728488922119,0.0007614342612214386,0.018983915448188782,0.0
training_diagnostics_v1,51200,0.5341796875,0.3515625,0.2802734375,0.3391518294811249,2.846147060394287,ppo_train_projection,PPO trained with projection,4,fe5cf72639d7b42227099dba859c4bc05d33760b1ab46464c8237636967b6f16,True,C:\rl_projects\src\repos\rl-constrained-decision-making\runs\ConstrainedNavigation-v0__ppo_train_projection_51200_seed4__4__1786827722,1024.0,459.0,0.4482421875,0.22643227875232697,1.9278488159179688,0.0005414974875748158,0.012752139009535313,0.0
training_diagnostics_v1,1024,0.5380859375,0.3388671875,0.306640625,0.32810112833976746,2.632220506668091,ppo_train_projection,PPO trained with projection,5,152c446a47682b6accaa1d5d54a6c547bcf0772aac856079d10c709b5dea791d,True,C:\rl_projects\src\repos\rl-constrained-decision-making\runs\ConstrainedNavigation-v0__ppo_train_projection_51200_seed5__5__1786828554,1024.0,292.0,0.28515625,0.17104649543762207,1.9327417612075806,0.0007023373036645353,0.021126143634319305,0.0
training_diagnostics_v1,2048,0.537109375,0.3193359375,0.3115234375,0.3100476562976837,2.3389248847961426,ppo_train_projection,PPO trained with projection,5,152c446a47682b6accaa1d5d54a6c547bcf0772aac856079d10c709b5dea791d,True,C:\rl_projects\src\repos\rl-constrained-decision-making\runs\ConstrainedNavigation-v0__ppo_train_projection_51200_seed5__5__1786828554,1024.0,119.0,0.1162109375,0.06507793068885803,1.938251256942749,0.00020893981854896992,0.016642821952700615,0.0
training_diagnostics_v1,3072,0.54296875,0.3203125,0.3349609375,0.30971410870552063,2.4670112133026123,ppo_train_projection,PPO trained with projection,5,152c446a47682b6accaa1d5d54a6c547bcf0772aac856079d10c709b5dea791d,True,C:\rl_projects\src\repos\rl-constrained-decision-making\runs\ConstrainedNavigation-v0__ppo_train_projection_51200_seed5__5__1786828554,1024.0,111.0,0.1083984375,0.052690889686346054,1.8110538721084595,0.0001567299332236871,0.0107263820245862,0.0
training_diagnostics_v1,4096,0.525390625,0.3095703125,0.3125,0.30607834458351135,2.7939579486846924,ppo_train_projection,PPO trained with projection,5,152c446a47682b6accaa1d5d54a6c547bcf0772aac856079d10c709b5dea791d,True,C:\rl_projects\src\repos\rl-constrained-decision-making\runs\ConstrainedNavigation-v0__ppo_train_projection_51200_seed5__5__1786828554,1024.0,110.0,0.107421875,0.06335695087909698,2.0649666786193848,0.00019007589435204864,0.014927281066775322,0.0
training_diagnostics_v1,5120,0.546875,0.33984375,0.3173828125,0.31006181240081787,3.2637033462524414,ppo_train_projection,PPO trained with projection,5,152c446a47682b6accaa1d5d54a6c547bcf0772aac856079d10c709b5dea791d,True,C:\rl_projects\src\repos\rl-constrained-decision-making\runs\ConstrainedNavigation-v0__ppo_train_projection_51200_seed5__5__1786828554,1024.0,67.0,0.0654296875,0.03366631269454956,1.9398986101150513,9.807064634514973e-05,0.00971441064029932,0.0
training_diagnostics_v1,6144,0.53125,0.296875,0.337890625,0.322000116109848,2.932255506515503,ppo_train_projection,PPO trained with projection,5,152c446a47682b6accaa1d5d54a6c547bcf0772aac856079d10c709b5dea791d,True,C:\rl_projects\src\repos\rl-constrained-decision-making\runs\ConstrainedNavigation-v0__ppo_train_projection_51200_seed5__5__1786828554,1024.0,222.0,0.216796875,0.1199205294251442,1.9925918579101562,0.0004604141286108643,0.027033746242523193,0.0
training_diagnostics_v1,7168,0.5302734375,0.3115234375,0.326171875,0.3152422308921814,2.71132493019104,ppo_train_projection,PPO trained with projection,5,152c446a47682b6accaa1d5d54a6c547bcf0772aac856079d10c709b5dea791d,True,C:\rl_projects\src\repos\rl-constrained-decision-making\runs\ConstrainedNavigation-v0__ppo_train_projection_51200_seed5__5__1786828554,1024.0,145.0,0.1416015625,0.06538266688585281,1.837018370628357,0.0001654057705309242,0.01177298929542303,0.0
training_diagnostics_v1,8192,0.55078125,0.3271484375,0.3232421875,0.32423439621925354,2.2241623401641846,ppo_train_projection,PPO trained with projection,5,152c446a47682b6accaa1d5d54a6c547bcf0772aac856079d10c709b5dea791d,True,C:\rl_projects\src\repos\rl-constrained-decision-making\runs\ConstrainedNavigation-v0__ppo_train_projection_51200_seed5__5__1786828554,1024.0,178.0,0.173828125,0.0885637104511261,1.825474500656128,0.0003210805880371481,0.020044196397066116,0.0
training_diagnostics_v1,9216,0.5556640625,0.337890625,0.3349609375,0.34277957677841187,2.833432197570801,ppo_train_projection,PPO trained with projection,5,152c446a47682b6accaa1d5d54a6c547bcf0772aac856079d10c709b5dea791d,True,C:\rl_projects\src\repos\rl-constrained-decision-making\runs\ConstrainedNavigation-v0__ppo_train_projection_51200_seed5__5__1786828554,1024.0,271.0,0.2646484375,0.12851621210575104,1.850737452507019,0.00039827017462812364,0.01620125025510788,0.0
training_diagnostics_v1,10240,0.5634765625,0.3486328125,0.3330078125,0.3530290126800537,2.704601764678955,ppo_train_projection,PPO trained with projection,5,152c446a47682b6accaa1d5d54a6c547bcf0772aac856079d10c709b5dea791d,True,C:\rl_projects\src\repos\rl-constrained-decision-making\runs\ConstrainedNavigation-v0__ppo_train_projection_51200_seed5__5__1786828554,1024.0,220.0,0.21484375,0.11760830134153366,2.009561061859131,0.00035499187652021646,0.015457271598279476,0.0
training_diagnostics_v1,11264,0.54296875,0.32421875,0.3310546875,0.3217746317386627,3.5578248500823975,ppo_train_projection,PPO trained with projection,5,152c446a47682b6accaa1d5d54a6c547bcf0772aac856079d10c709b5dea791d,True,C:\rl_projects\src\repos\rl-constrained-decision-making\runs\ConstrainedNavigation-v0__ppo_train_projection_51200_seed5__5__1786828554,1024.0,343.0,0.3349609375,0.185478076338768,2.12406063079834,0.0006364418077282608,0.021228265017271042,0.0
training_diagnostics_v1,12288,0.5087890625,0.30859375,0.3134765625,0.3122680187225342,2.6241159439086914,ppo_train_projection,PPO trained with projection,5,152c446a47682b6accaa1d5d54a6c547bcf0772aac856079d10c709b5dea791d,True,C:\rl_projects\src\repos\rl-constrained-decision-making\runs\ConstrainedNavigation-v0__ppo_train_projection_51200_seed5__5__1786828554,1024.0,304.0,0.296875,0.19312891364097595,2.1428420543670654,0.0008122792933136225,0.020499438047409058,0.0
training_diagnostics_v1,13312,0.5771484375,0.3271484375,0.3701171875,0.3389189839363098,2.581390380859375,ppo_train_projection,PPO trained with projection,5,152c446a47682b6accaa1d5d54a6c547bcf0772aac856079d10c709b5dea791d,True,C:\rl_projects\src\repos\rl-constrained-decision-making\runs\ConstrainedNavigation-v0__ppo_train_projection_51200_seed5__5__1786828554,1024.0,193.0,0.1884765625,0.09221065044403076,1.7047431468963623,0.00023357881582342088,0.011632481589913368,0.0
training_diagnostics_v1,14336,0.56640625,0.3525390625,0.32421875,0.3307933211326599,2.6104729175567627,ppo_train_projection,PPO trained with projection,5,152c446a47682b6accaa1d5d54a6c547bcf0772aac856079d10c709b5dea791d,True,C:\rl_projects\src\repos\rl-constrained-decision-making\runs\ConstrainedNavigation-v0__ppo_train_projection_51200_seed5__5__1786828554,1024.0,352.0,0.34375,0.21040748059749603,2.0908799171447754,0.000737803231459111,0.016943061724305153,0.0
training_diagnostics_v1,15360,0.56640625,0.337890625,0.328125,0.33868053555488586,2.684661626815796,ppo_train_projection,PPO trained with projection,5,152c446a47682b6accaa1d5d54a6c547bcf0772aac856079d10c709b5dea791d,True,C:\rl_projects\src\repos\rl-constrained-decision-making\runs\ConstrainedNavigation-v0__ppo_train_projection_51200_seed5__5__1786828554,1024.0,220.0,0.21484375,0.10100501775741577,1.902182698249817,0.00025330865173600614,0.011268679983913898,0.0
training_diagnostics_v1,16384,0.5498046875,0.328125,0.3359375,0.34254807233810425,2.88488507270813,ppo_train_projection,PPO trained with projection,5,152c446a47682b6accaa1d5d54a6c547bcf0772aac856079d10c709b5dea791d,True,C:\rl_projects\src\repos\rl-constrained-decision-making\runs\ConstrainedNavigation-v0__ppo_train_projection_51200_seed5__5__1786828554,1024.0,283.0,0.2763671875,0.16448144614696503,2.1477482318878174,0.0005859638331457973,0.014003724791109562,0.0
training_diagnostics_v1,17408,0.5380859375,0.32421875,0.3193359375,0.32277145981788635,2.5824923515319824,ppo_train_projection,PPO trained with projection,5,152c446a47682b6accaa1d5d54a6c547bcf0772aac856079d10c709b5dea791d,True,C:\rl_projects\src\repos\rl-constrained-decision-making\runs\ConstrainedNavigation-v0__ppo_train_projection_51200_seed5__5__1786828554,1024.0,375.0,0.3662109375,0.25879016518592834,2.2064619064331055,0.0011108843609690666,0.019913790747523308,0.0
training_diagnostics_v1,18432,0.572265625,0.3427734375,0.328125,0.32858890295028687,2.731785774230957,ppo_train_projection,PPO trained with projection,5,152c446a47682b6accaa1d5d54a6c547bcf0772aac856079d10c709b5dea791d,True,C:\rl_projects\src\repos\rl-constrained-decision-making\runs\ConstrainedNavigation-v0__ppo_train_projection_51200_seed5__5__1786828554,1024.0,263.0,0.2568359375,0.1351667046546936,2.0882368087768555,0.0004333819670137018,0.018213434144854546,0.0
training_diagnostics_v1,19456,0.5419921875,0.3232421875,0.3173828125,0.3080032467842102,3.0501177310943604,ppo_train_projection,PPO trained with projection,5,152c446a47682b6accaa1d5d54a6c547bcf0772aac856079d10c709b5dea791d,True,C:\rl_projects\src\repos\rl-constrained-decision-making\runs\ConstrainedNavigation-v0__ppo_train_projection_51200_seed5__5__1786828554,1024.0,373.0,0.3642578125,0.18776509165763855,2.096083164215088,0.0005540532292798162,0.023655585944652557,0.0
training_diagnostics_v1,20480,0.56640625,0.3291015625,0.3447265625,0.3231406509876251,2.450874090194702,ppo_train_projection,PPO trained with projection,5,152c446a47682b6accaa1d5d54a6c547bcf0772aac856079d10c709b5dea791d,True,C:\rl_projects\src\repos\rl-constrained-decision-making\runs\ConstrainedNavigation-v0__ppo_train_projection_51200_seed5__5__1786828554,1024.0,300.0,0.29296875,0.20015817880630493,2.1478934288024902,0.0009776304941624403,0.024238983169198036,0.0
training_diagnostics_v1,21504,0.5654296875,0.3388671875,0.330078125,0.34206146001815796,4.132925987243652,ppo_train_projection,PPO trained with projection,5,152c446a47682b6accaa1d5d54a6c547bcf0772aac856079d10c709b5dea791d,True,C:\rl_projects\src\repos\rl-constrained-decision-making\runs\ConstrainedNavigation-v0__ppo_train_projection_51200_seed5__5__1786828554,1024.0,366.0,0.357421875,0.21087805926799774,2.183614730834961,0.0008657100843265653,0.021829232573509216,0.0
training_diagnostics_v1,22528,0.5634765625,0.3603515625,0.3125,0.33171552419662476,2.550550699234009,ppo_train_projection,PPO trained with projection,5,152c446a47682b6accaa1d5d54a6c547bcf0772aac856079d10c709b5dea791d,True,C:\rl_projects\src\repos\rl-constrained-decision-making\runs\ConstrainedNavigation-v0__ppo_train_projection_51200_seed5__5__1786828554,1024.0,308.0,0.30078125,0.18258969485759735,2.0624821186065674,0.0006435984978452325,0.02328459545969963,0.0
training_diagnostics_v1,23552,0.544921875,0.3447265625,0.3134765625,0.3456612229347229,2.7072136402130127,ppo_train_projection,PPO trained with projection,5,152c446a47682b6accaa1d5d54a6c547bcf0772aac856079d10c709b5dea791d,True,C:\rl_projects\src\repos\rl-constrained-decision-making\runs\ConstrainedNavigation-v0__ppo_train_projection_51200_seed5__5__1786828554,1024.0,393.0,0.3837890625,0.21684414148330688,2.212198495864868,0.0006505344063043594,0.012082284316420555,0.0
training_diagnostics_v1,24576,0.56640625,0.345703125,0.337890625,0.34140071272850037,2.9208686351776123,ppo_train_projection,PPO trained with projection,5,152c446a47682b6accaa1d5d54a6c547bcf0772aac856079d10c709b5dea791d,True,C:\rl_projects\src\repos\rl-constrained-decision-making\runs\ConstrainedNavigation-v0__ppo_train_projection_51200_seed5__5__1786828554,1024.0,406.0,0.396484375,0.23317047953605652,2.0935230255126953,0.0007557914941571653,0.01649094931781292,0.0
training_diagnostics_v1,25600,0.552734375,0.357421875,0.302734375,0.3344656229019165,2.9134573936462402,ppo_train_projection,PPO trained with projection,5,152c446a47682b6accaa1d5d54a6c547bcf0772aac856079d10c709b5dea791d,True,C:\rl_projects\src\repos\rl-constrained-decision-making\runs\ConstrainedNavigation-v0__ppo_train_projection_51200_seed5__5__1786828554,1024.0,346.0,0.337890625,0.18017800152301788,2.0099241733551025,0.00047116787754930556,0.010302477516233921,0.0
training_diagnostics_v1,26624,0.5712890625,0.3544921875,0.333984375,0.33952796459198,3.0103399753570557,ppo_train_projection,PPO trained with projection,5,152c446a47682b6accaa1d5d54a6c547bcf0772aac856079d10c709b5dea791d,True,C:\rl_projects\src\repos\rl-constrained-decision-making\runs\ConstrainedNavigation-v0__ppo_train_projection_51200_seed5__5__1786828554,1024.0,303.0,0.2958984375,0.14342667162418365,2.0275003910064697,0.0003565568767953664,0.00954812578856945,0.0
training_diagnostics_v1,27648,0.5703125,0.361328125,0.31640625,0.34889325499534607,2.3588242530822754,ppo_train_projection,PPO trained with projection,5,152c446a47682b6accaa1d5d54a6c547bcf0772aac856079d10c709b5dea791d,True,C:\rl_projects\src\repos\rl-constrained-decision-making\runs\ConstrainedNavigation-v0__ppo_train_projection_51200_seed5__5__1786828554,1024.0,295.0,0.2880859375,0.13499130308628082,1.9766805171966553,0.0003253898466937244,0.01156416442245245,0.0
training_diagnostics_v1,28672,0.5654296875,0.333984375,0.34765625,0.35446614027023315,2.350693464279175,ppo_train_projection,PPO trained with projection,5,152c446a47682b6accaa1d5d54a6c547bcf0772aac856079d10c709b5dea791d,True,C:\rl_projects\src\repos\rl-constrained-decision-making\runs\ConstrainedNavigation-v0__ppo_train_projection_51200_seed5__5__1786828554,1024.0,339.0,0.3310546875,0.21459709107875824,2.178370237350464,0.0008775332826189697,0.022254575043916702,0.0
training_diagnostics_v1,29696,0.55859375,0.345703125,0.3251953125,0.322778582572937,2.6886839866638184,ppo_train_projection,PPO trained with projection,5,152c446a47682b6accaa1d5d54a6c547bcf0772aac856079d10c709b5dea791d,True,C:\rl_projects\src\repos\rl-constrained-decision-making\runs\ConstrainedNavigation-v0__ppo_train_projection_51200_seed5__5__1786828554,1024.0,351.0,0.3427734375,0.1936447024345398,1.9105042219161987,0.0005993770319037139,0.014502664096653461,0.0
training_diagnostics_v1,30720,0.5625,0.33984375,0.3369140625,0.32936564087867737,2.8713252544403076,ppo_train_projection,PPO trained with projection,5,152c446a47682b6accaa1d5d54a6c547bcf0772aac856079d10c709b5dea791d,True,C:\rl_projects\src\repos\rl-constrained-decision-making\runs\ConstrainedNavigation-v0__ppo_train_projection_51200_seed5__5__1786828554,1024.0,384.0,0.375,0.23257967829704285,2.1482717990875244,0.0007235777447931468,0.014459564350545406,0.0
training_diagnostics_v1,31744,0.591796875,0.3603515625,0.3408203125,0.3909744918346405,2.6011962890625,ppo_train_projection,PPO trained with projection,5,152c446a47682b6accaa1d5d54a6c547bcf0772aac856079d10c709b5dea791d,True,C:\rl_projects\src\repos\rl-constrained-decision-making\runs\ConstrainedNavigation-v0__ppo_train_projection_51200_seed5__5__1786828554,1024.0,342.0,0.333984375,0.16710737347602844,1.9052612781524658,0.00038409570697695017,0.010394237004220486,0.0
training_diagnostics_v1,32768,0.55859375,0.345703125,0.32421875,0.33773407340049744,2.6779303550720215,ppo_train_projection,PPO trained with projection,5,152c446a47682b6accaa1d5d54a6c547bcf0772aac856079d10c709b5dea791d,True,C:\rl_projects\src\repos\rl-constrained-decision-making\runs\ConstrainedNavigation-v0__ppo_train_projection_51200_seed5__5__1786828554,1024.0,347.0,0.3388671875,0.2078748643398285,2.0800421237945557,0.000719562522135675,0.015438142232596874,0.0
training_diagnostics_v1,33792,0.5712890625,0.3720703125,0.3310546875,0.3530939221382141,3.214756965637207,ppo_train_projection,PPO trained with projection,5,152c446a47682b6accaa1d5d54a6c547bcf0772aac856079d10c709b5dea791d,True,C:\rl_projects\src\repos\rl-constrained-decision-making\runs\ConstrainedNavigation-v0__ppo_train_projection_51200_seed5__5__1786828554,1024.0,358.0,0.349609375,0.21005859971046448,2.125591516494751,0.000788268109317869,0.01986566372215748,0.0
training_diagnostics_v1,34816,0.5595703125,0.3515625,0.3193359375,0.35665440559387207,3.1033596992492676,ppo_train_projection,PPO trained with projection,5,152c446a47682b6accaa1d5d54a6c547bcf0772aac856079d10c709b5dea791d,True,C:\rl_projects\src\repos\rl-constrained-decision-making\runs\ConstrainedNavigation-v0__ppo_train_projection_51200_seed5__5__1786828554,1024.0,376.0,0.3671875,0.1854643076658249,2.084427833557129,0.0006925468915142119,0.02912076748907566,0.0
training_diagnostics_v1,35840,0.572265625,0.373046875,0.306640625,0.3682582676410675,3.3623733520507812,ppo_train_projection,PPO trained with projection,5,152c446a47682b6accaa1d5d54a6c547bcf0772aac856079d10c709b5dea791d,True,C:\rl_projects\src\repos\rl-constrained-decision-making\runs\ConstrainedNavigation-v0__ppo_train_projection_51200_seed5__5__1786828554,1024.0,301.0,0.2939453125,0.1286471039056778,1.9123928546905518,0.00029893076862208545,0.010412953794002533,0.0
training_diagnostics_v1,36864,0.5927734375,0.3837890625,0.3525390625,0.40159228444099426,2.908595561981201,ppo_train_projection,PPO trained with projection,5,152c446a47682b6accaa1d5d54a6c547bcf0772aac856079d10c709b5dea791d,True,C:\rl_projects\src\repos\rl-constrained-decision-making\runs\ConstrainedNavigation-v0__ppo_train_projection_51200_seed5__5__1786828554,1024.0,372.0,0.36328125,0.2154180109500885,2.177529811859131,0.0007632463239133358,0.024405594915151596,0.0
training_diagnostics_v1,37888,0.560546875,0.359375,0.322265625,0.3450532853603363,2.4773073196411133,ppo_train_projection,PPO trained with projection,5,152c446a47682b6accaa1d5d54a6c547bcf0772aac856079d10c709b5dea791d,True,C:\rl_projects\src\repos\rl-constrained-decision-making\runs\ConstrainedNavigation-v0__ppo_train_projection_51200_seed5__5__1786828554,1024.0,350.0,0.341796875,0.1617191582918167,1.9080519676208496,0.00047754135448485613,0.023437537252902985,0.0
training_diagnostics_v1,38912,0.560546875,0.3623046875,0.3115234375,0.3579181432723999,2.851179838180542,ppo_train_projection,PPO trained with projection,5,152c446a47682b6accaa1d5d54a6c547bcf0772aac856079d10c709b5dea791d,True,C:\rl_projects\src\repos\rl-constrained-decision-making\runs\ConstrainedNavigation-v0__ppo_train_projection_51200_seed5__5__1786828554,1024.0,367.0,0.3583984375,0.1850115954875946,1.9814445972442627,0.0004579859087243676,0.012729312293231487,0.0
training_diagnostics_v1,39936,0.5537109375,0.3671875,0.2978515625,0.3415224850177765,2.3868672847747803,ppo_train_projection,PPO trained with projection,5,152c446a47682b6accaa1d5d54a6c547bcf0772aac856079d10c709b5dea791d,True,C:\rl_projects\src\repos\rl-constrained-decision-making\runs\ConstrainedNavigation-v0__ppo_train_projection_51200_seed5__5__1786828554,1024.0,378.0,0.369140625,0.1714484542608261,1.924451231956482,0.00035288697108626366,0.008917480707168579,0.0
training_diagnostics_v1,40960,0.54296875,0.357421875,0.3076171875,0.34380123019218445,3.259065628051758,ppo_train_projection,PPO trained with projection,5,152c446a47682b6accaa1d5d54a6c547bcf0772aac856079d10c709b5dea791d,True,C:\rl_projects\src\repos\rl-constrained-decision-making\runs\ConstrainedNavigation-v0__ppo_train_projection_51200_seed5__5__1786828554,1024.0,435.0,0.4248046875,0.1880638599395752,1.8856775760650635,0.00044116395292803645,0.015499940142035484,0.0
training_diagnostics_v1,41984,0.57421875,0.3701171875,0.3369140625,0.37267258763313293,2.979738712310791,ppo_train_projection,PPO trained with projection,5,152c446a47682b6accaa1d5d54a6c547bcf0772aac856079d10c709b5dea791d,True,C:\rl_projects\src\repos\rl-constrained-decision-making\runs\ConstrainedNavigation-v0__ppo_train_projection_51200_seed5__5__1786828554,1024.0,361.0,0.3525390625,0.18927402794361115,2.1944785118103027,0.0006444968748837709,0.018156051635742188,0.0
training_diagnostics_v1,43008,0.55859375,0.3359375,0.337890625,0.36750558018684387,2.753589153289795,ppo_train_projection,PPO trained with projection,5,152c446a47682b6accaa1d5d54a6c547bcf0772aac856079d10c709b5dea791d,True,C:\rl_projects\src\repos\rl-constrained-decision-making\runs\ConstrainedNavigation-v0__ppo_train_projection_51200_seed5__5__1786828554,1024.0,306.0,0.298828125,0.13956019282341003,1.8750267028808594,0.0002910766052082181,0.009473493322730064,0.0
training_diagnostics_v1,44032,0.5615234375,0.3525390625,0.3251953125,0.3533819317817688,2.8886377811431885,ppo_train_projection,PPO trained with projection,5,152c446a47682b6accaa1d5d54a6c547bcf0772aac856079d10c709b5dea791d,True,C:\rl_projects\src\repos\rl-constrained-decision-making\runs\ConstrainedNavigation-v0__ppo_train_projection_51200_seed5__5__1786828554,1024.0,357.0,0.3486328125,0.17526985704898834,1.7593002319335938,0.0004091851005796343,0.009204107336699963,0.0
training_diagnostics_v1,45056,0.564453125,0.361328125,0.322265625,0.3697383999824524,2.7303009033203125,ppo_train_projection,PPO trained with projection,5,152c446a47682b6accaa1d5d54a6c547bcf0772aac856079d10c709b5dea791d,True,C:\rl_projects\src\repos\rl-constrained-decision-making\runs\ConstrainedNavigation-v0__ppo_train_projection_51200_seed5__5__1786828554,1024.0,440.0,0.4296875,0.2256016582250595,1.9790493249893188,0.0005735577433370054,0.009983891621232033,0.0
training_diagnostics_v1,46080,0.5732421875,0.3671875,0.328125,0.3657659590244293,2.9380812644958496,ppo_train_projection,PPO trained with projection,5,152c446a47682b6accaa1d5d54a6c547bcf0772aac856079d10c709b5dea791d,True,C:\rl_projects\src\repos\rl-constrained-decision-making\runs\ConstrainedNavigation-v0__ppo_train_projection_51200_seed5__5__1786828554,1024.0,343.0,0.3349609375,0.148018479347229,1.8200398683547974,0.00029791021370328963,0.008141732774674892,0.0
training_diagnostics_v1,47104,0.5830078125,0.3779296875,0.349609375,0.38078224658966064,2.9707460403442383,ppo_train_projection,PPO trained with projection,5,152c446a47682b6accaa1d5d54a6c547bcf0772aac856079d10c709b5dea791d,True,C:\rl_projects\src\repos\rl-constrained-decision-making\runs\ConstrainedNavigation-v0__ppo_train_projection_51200_seed5__5__1786828554,1024.0,339.0,0.3310546875,0.17052365839481354,1.8752236366271973,0.00041888662963174284,0.00931413471698761,0.0
training_diagnostics_v1,48128,0.5654296875,0.361328125,0.3232421875,0.3455257713794708,2.6444365978240967,ppo_train_projection,PPO trained with projection,5,152c446a47682b6accaa1d5d54a6c547bcf0772aac856079d10c709b5dea791d,True,C:\rl_projects\src\repos\rl-constrained-decision-making\runs\ConstrainedNavigation-v0__ppo_train_projection_51200_seed5__5__1786828554,1024.0,344.0,0.3359375,0.15904010832309723,1.9113904237747192,0.0003790681657847017,0.011841739527881145,0.0
training_diagnostics_v1,49152,0.58984375,0.3896484375,0.328125,0.3672805428504944,2.8765687942504883,ppo_train_projection,PPO trained with projection,5,152c446a47682b6accaa1d5d54a6c547bcf0772aac856079d10c709b5dea791d,True,C:\rl_projects\src\repos\rl-constrained-decision-making\runs\ConstrainedNavigation-v0__ppo_train_projection_51200_seed5__5__1786828554,1024.0,440.0,0.4296875,0.21311792731285095,1.956977128982544,0.0006753438501618803,0.039035312831401825,0.0
training_diagnostics_v1,50176,0.587890625,0.38671875,0.3330078125,0.3579424321651459,2.5330142974853516,ppo_train_projection,PPO trained with projection,5,152c446a47682b6accaa1d5d54a6c547bcf0772aac856079d10c709b5dea791d,True,C:\rl_projects\src\repos\rl-constrained-decision-making\runs\ConstrainedNavigation-v0__ppo_train_projection_51200_seed5__5__1786828554,1024.0,401.0,0.3916015625,0.1819595992565155,1.8824366331100464,0.00041965951095335186,0.010174023918807507,0.0
training_diagnostics_v1,51200,0.5810546875,0.3828125,0.3232421875,0.3706836998462677,3.46012806892395,ppo_train_projection,PPO trained with projection,5,152c446a47682b6accaa1d5d54a6c547bcf0772aac856079d10c709b5dea791d,True,C:\rl_projects\src\repos\rl-constrained-decision-making\runs\ConstrainedNavigation-v0__ppo_train_projection_51200_seed5__5__1786828554,1024.0,412.0,0.40234375,0.1755744218826294,1.7435338497161865,0.00036019846447743475,0.0077407099306583405,0.0
